id,title_romaji,title_english,status,format,chapters,volumes,tags_id,tags_name,characters_nodes_name_first,characters_nodes_name_last,characters_nodes_gender
30001,MONSTER,Monster,FINISHED,MANGA,162,18,"[50, 456, 240, 85, 391, 494, 327, 226, 198, 365, 82, 25, 109, 105, 694, 40, 153, 659, 1046, 186, 1052, 1121, 322, 156, 94]","['Seinen', 'Conspiracy', 'Amnesia', 'Tragedy', 'Philosophy', 'Twins', 'Noir', 'Fugitive', 'Foreign', 'Memory Manipulation', 'Male Protagonist', 'Historical', 'Primarily Adult Cast', 'Ensemble Cast', 'Detective', 'Police', 'Time Skip', 'Medicine', 'Suicide', 'Crossdressing', 'Adoption', 'Torture', 'Assassins', 'Achronological Order', 'Gore']","['Eva', 'Anna', 'Johan', 'Heinrich', 'Kenzou', 'Akanbou', 'Martin', 'Blue Sophie', 'Dieter', 'Roberto', 'Petr', 'Franz', 'Richard', 'Lotte', 'Rudy-Ulrich', 'Wolfgang', 'Otto', 'Toshio', 'Milan Kolacsh', 'Jaromír', 'Gunther', 'Karl', 'Julius', 'Hans Georg', 'Christof']","['Heinemann', 'Liebert', 'Liebert', 'Lunge', 'Tenma', None, 'Reest', None, None, '', 'Čapek', 'Bonaparta', 'Braun', 'Frank', 'Gillen', 'Grimmer', 'Heckel', 'Iwai', '', 'Lipský', 'Milch', 'Neumann', 'Reichwein', 'Schuwald', 'Sievernich']","['Female', 'Female', 'Male', 'Male', 'Male', 'Male', 'Male', 'Female', 'Male', 'Male', None, 'Male', 'Male', 'Female', 'Male', 'Male', None, None, None, 'Male', 'Male', None, None, None, None]"
30002,Berserk,Berserk,RELEASING,MANGA,,,"[85, 50, 252, 82, 15, 636, 94, 1277, 391, 155, 104, 43, 29, 111, 1310, 198, 639, 870, 311, 253, 208, 100, 109, 1219, 1091, 143, 34, 723, 1455, 103, 240, 179, 102, 1121, 598, 105, 217, 276, 488, 1045, 830, 153, 156, 624, 931, 397, 499, 604, 128, 247, 1052, 190, 586, 224, 305, 66, 558, 98, 131, 134, 483, 1090, 259]","['Tragedy', 'Seinen', 'Revenge', 'Male Protagonist', 'Demons', 'Cosmic Horror', 'Gore', 'Found Family', 'Philosophy', 'Rape', 'Anti-Hero', 'Swordplay', 'Magic', 'War', 'Travel', 'Foreign', 'Body Horror', 'Cannibalism', 'Rehabilitation', 'Gods', 'Mythology', 'Nudity', 'Primarily Adult Cast', 'Disability', 'Religion', 'Survival', 'Military', 'Sadism', 'Fairy', 'Politics', 'Amnesia', 'Witch', 'Coming of Age', 'Torture', 'Elf', 'Ensemble Cast', 'Dystopian', 'Kaiju', 'Age Regression', 'Heterosexual', 'Group Sex', 'Time Skip', 'Achronological Order', 'Vore', 'Tomboy', 'Pregnant', 'Skeleton', 'Dungeon', 'Incest', 'Slavery', 'Adoption', 'Prostitution', 'Cult', 'Dragons', 'Ships', 'Super Power', 'Mermaid', 'Female Protagonist', 'Masturbation', 'Fellatio', 'LGBTQ+ Themes', 'Monster Boy', 'Monster Girl']","['Guts', 'Isidro', 'Casca', 'Schierke', 'Griffith', 'Serpico', 'Puck', 'Farnese', 'Locus', 'General Boscogne', 'Rickert', 'Godot', 'The Skull Knight', 'Mozgus', 'Conrad', 'Irvine', 'Lord Gennon', 'Corkus', 'Queen of Midland', 'Azan', 'Bazuso', 'Gaston', 'Rakshas', 'Luca', 'Foss']","[None, None, None, None, None, None, None, 'de Vandimion', None, None, None, None, None, None, None, None, None, '', None, None, None, None, None, None, None]","['Male', None, 'Female', None, 'Male', 'Male', None, 'Female', 'Male', 'Male', 'Male', 'Male', 'Male', None, None, None, 'Male', 'Male', 'Female', 'Male', None, 'Male', 'Male', None, 'Male']"
30003,20 Seiki Shounen,20th Century Boys,FINISHED,MANGA,249,22,"[103, 102, 105, 50, 226, 217, 156, 456, 586, 153, 93, 874, 285, 1277, 82, 694, 265, 636, 98, 25, 85, 391, 364, 40, 175, 1165, 198, 1063, 96, 1379, 100, 536, 494, 186]","['Politics', 'Coming of Age', 'Ensemble Cast', 'Seinen', 'Fugitive', 'Dystopian', 'Achronological Order', 'Conspiracy', 'Cult', 'Time Skip', 'Post-Apocalyptic', 'Pandemic', 'Terrorism', 'Found Family', 'Male Protagonist', 'Detective', 'Musical', 'Cosmic Horror', 'Female Protagonist', 'Historical', 'Tragedy', 'Philosophy', 'Augmented Reality', 'Police', 'Robots', 'Transgender', 'Foreign', 'Cute Boys Doing Cute Things', 'Time Manipulation', 'Homeless', 'Nudity', 'Dissociative Identities', 'Twins', 'Crossdressing']","['Tomodachi', 'Kenji', 'Kanna', 'Sanae', 'Maruo', 'The Killer', 'Yanbo and Mabo', 'Shikishima', 'Yamane', 'Shouhei', 'Kiriko', 'Keitarou', 'Fukubei', 'Yuuichi', 'Manjoume', 'Kyuutarou', 'Saburô', 'Sada', 'Kyoko', 'Masaaki', 'Yoshitsune', 'Chouji', 'Yukiji', 'Lena', 'Katsumata']","[None, 'Endou', 'Endou', None, None, None, None, None, None, 'Chouno', 'Endo', 'Fukuda', 'Hattori', 'Imano', 'Inshuu', 'Kaminaga', 'Kido', 'Kiyoshi', 'Koizumi', 'Komon', 'Minamoto', 'Ochiai', 'Setoguchi', 'Shikishima', 'Tadanobu']","[None, 'Male', 'Female', None, None, None, None, None, None, 'Male', 'Female', 'Male', None, None, 'Male', 'Male', None, None, None, None, None, 'Male', 'Female', None, None]"
30004,Yokohama Kaidashi Kikou,Yokohama Kaidashi Kikou,FINISHED,MANGA,142,14,"[81, 93, 98, 391, 250, 102, 175, 153, 466, 50, 193, 517, 145, 176, 1310, 76, 87, 483, 173, 100]","['Iyashikei', 'Post-Apocalyptic', 'Female Protagonist', 'Philosophy', 'Rural', 'Coming of Age', 'Robots', 'Time Skip', 'Lost Civilization', 'Seinen', 'Episodic', 'Artificial Intelligence', 'Work', 'Mopeds', 'Travel', 'Yuri', 'Family Life', 'LGBTQ+ Themes', 'Motorcycles', 'Nudity']","['Alpha', 'Ojisan', 'Saetta', 'Takahiro', 'Matsuki', 'Misago', 'Ayase', 'Nai', 'Alpha', '', 'Maruko', 'Kokone']","['Hatsuseno', None, None, None, None, None, None, None, ""Koumi'ishi"", ""Koumi'ishi"", 'Maruko', 'Takatsu']","['Female', None, None, None, 'Female', None, None, None, None, None, None, None]"
30007,Hajime no Ippo,Hajime no Ippo: Fighting Spirit!,RELEASING,MANGA,,,"[169, 56, 82, 88, 109, 102, 171, 105, 395, 1045]","['Boxing', 'Shounen', 'Male Protagonist', 'Primarily Male Cast', 'Primarily Adult Cast', 'Coming of Age', 'Bullying', 'Ensemble Cast', 'Delinquents', 'Heterosexual']","['Masaru', 'Manabu', 'Genji', 'Tatsuya', 'Ippo', 'Mamoru', 'Nakadai Coach', 'Yasuda', 'Hachinoe Coach', 'Tomiko', 'Warlee', 'Reiko', 'Jikkyou Announcer', 'Randy Jr.', 'Eiji', 'Aiko', 'Yuuji', 'Minoru', 'Yoshio', 'Dankichi', 'Bryan', 'Ryuuichi', 'Mari', 'Kyousuke', 'Nanako']","['Aoki', 'Itagaki', 'Kamogawa', 'Kimura', 'Makunouchi', 'Takamura', None, None, None, None, None, None, None, 'Boy', 'Date', 'Date', 'Date', 'Fujii', 'Fujiwara', 'Hama', 'Hawk', 'Hayami', 'Iimura', 'Imai', 'Itagaki']","['Male', 'Male', 'Male', 'Male', 'Male', 'Male', None, None, None, None, 'Male', None, None, None, 'Male', None, None, None, 'Male', None, 'Male', 'Male', None, None, None]"
30008,Full Moon wo Sagashite,Full Moon,FINISHED,MANGA,42,7,"[115, 29, 139, 53, 98, 311, 1277, 1068, 102, 654, 1046, 391, 85, 147, 1045, 99, 254, 113, 253, 233, 208, 138, 321, 595]","['Idol', 'Magic', 'Love Triangle', 'Shoujo', 'Female Protagonist', 'Rehabilitation', 'Found Family', 'Angels', 'Coming of Age', 'Denpa', 'Suicide', 'Philosophy', 'Tragedy', 'Afterlife', 'Heterosexual', 'Henshin', 'Kemonomimi', 'Nekomimi', 'Gods', 'Youkai', 'Mythology', 'Age Gap', 'Urban Fantasy', 'Urban']","['Takuto', 'Mitsuki', 'Izumi', 'Meroko', 'Jonathan', 'Aoi', 'Fuzuki', 'Masami', 'Eichi', 'Souichirou', 'Madoka', 'Keiichi']","['Kira', 'Kouyama', 'Rio', 'Yui', None, 'Koga', 'Koyama', 'Ooshige', 'Sakurai', 'Shidou', 'Wakamatsu', 'Wakaouji']","[None, 'Female', 'Male', None, None, None, None, None, None, None, None, 'Male']"
30009,Tsubasa: RESERVoir CHRoNiCLE,Tsubasa RESERVoir CHRoNiCLE,FINISHED,MANGA,233,28,"[1310, 146, 29, 158, 1342, 85, 156, 105, 240, 365, 244, 1277, 96, 1045, 243, 56, 639, 43, 466, 536, 74, 494]","['Travel', 'Alternate Universe', 'Magic', 'Crossover', 'Clone', 'Tragedy', 'Achronological Order', 'Ensemble Cast', 'Amnesia', 'Memory Manipulation', 'Isekai', 'Found Family', 'Time Manipulation', 'Heterosexual', 'Reincarnation', 'Shounen', 'Body Horror', 'Swordplay', 'Lost Civilization', 'Dissociative Identities', 'Vampire', 'Twins']","['Kurogane', 'Syaoran', 'Sakura', 'Sakura', 'Fai D.', 'Syaoran', 'Mokona', 'Nataku', 'Caldina', 'Tomoyo', 'Inuki', 'Hikaru', 'Announcer', 'Ashura', 'Chii', 'Moro', 'Maru', 'Karura-Ou', 'Yasha-ou', 'Yuzuki', 'Debonair', 'Ashura-ou', 'Kendappa-Ou', 'Oruha', 'Kotoko']","[None, None, None, None, 'Flourite', 'Li', 'Modoki', None, None, None, None, None, None, None, None, None, None, None, None, None, None, None, None, None, None]","['Male', 'Male', None, 'Female', None, None, None, None, None, 'Female', None, None, None, None, 'Female', None, None, None, 'Male', 'Female', None, None, None, None, 'Female']"
30010,xxxHolic,xxxHOLiC,FINISHED,MANGA,214,19,"[29, 233, 208, 1342, 50, 158, 220, 179, 391, 321, 46, 1045]","['Magic', 'Youkai', 'Mythology', 'Clone', 'Seinen', 'Crossover', 'Ghost', 'Witch', 'Philosophy', 'Urban Fantasy', 'School', 'Heterosexual']","['Shizuka', 'Yuuko', 'Himawari', 'Mokona', 'Kimihiro', 'Mugetsu', 'Syaoran', 'Zashiki-warashi', 'Sakura', 'Neko-musume', 'Kurogane', 'Ame-warashi', 'Jorougumo', 'Moro', 'Maru', 'Chibi Kitsune', 'Haruka', 'Fai D.', 'Rikuo', 'Kazahaya', 'Syaoran', 'Mokona', 'Fei Wong', 'Clow', 'Kohane']","['Doumeki', 'Ichihara', 'Kunogi', 'Modoki', 'Watanuki', None, None, None, None, ' ', None, None, None, None, None, ' ', 'Doumeki', 'Flourite', 'Himura', 'Kudo', 'Li', 'Modoki', 'Reed', 'Reed', 'Tsuyuri']","['Male', None, None, None, 'Male', None, 'Male', None, 'Female', None, 'Male', None, None, None, None, None, None, None, None, None, None, None, None, None, 'Female']"
30011,NARUTO,Naruto,FINISHED,MANGA,700,72,"[56, 255, 102, 252, 66, 82, 30, 85, 1277, 111, 153, 276, 326, 391, 29, 1243, 1382, 139, 99, 490, 310, 191, 15, 433, 1310]","['Shounen', 'Ninja', 'Coming of Age', 'Revenge', 'Super Power', 'Male Protagonist', 'Martial Arts', 'Tragedy', 'Found Family', 'War', 'Time Skip', 'Kaiju', 'Cultivation', 'Philosophy', 'Magic', 'Necromancy', 'Orphan', 'Love Triangle', 'Henshin', 'Anachronism', 'Espionage', 'Aliens', 'Demons', 'Animals', 'Travel']","['Sakura', 'Kakashi', 'Sasuke', 'Naruto', 'Gouzu', 'Tora', 'Katsuyu', 'Jiraiya', 'Darui', 'Kakuzu', 'Chuukichi', 'Udon', 'Mabui', 'Fukai', 'Tsunami', 'Maki', 'Dengaku', 'Tsuba', 'Motoi', 'Chojuro', 'Choumei', 'Gamakichi', 'Zori', 'Yuura', 'Land of Wind Daimyo']","['Haruno', 'Hatake', 'Uchiha', 'Uzumaki', None, None, None, '', None, None, None, None, None, None, None, None, None, None, None, None, None, None, None, None, None]","['Female', 'Male', 'Male', 'Male', 'Male', None, None, 'Male', 'Male', 'Male', None, None, 'Female', None, 'Female', None, None, None, None, None, None, None, None, None, None]"
30012,BLEACH,Bleach,FINISHED,MANGA,706,74,"[56, 43, 66, 82, 111, 220, 105, 147, 321, 137, 85, 456, 1165, 391, 1045, 153, 490, 395, 102, 99, 639]","['Shounen', 'Swordplay', 'Super Power', 'Male Protagonist', 'War', 'Ghost', 'Ensemble Cast', 'Afterlife', 'Urban Fantasy', 'Large Breasts', 'Tragedy', 'Conspiracy', 'Transgender', 'Philosophy', 'Heterosexual', 'Time Skip', 'Anachronism', 'Delinquents', 'Coming of Age', 'Henshin', 'Body Horror']","['Orihime', 'Uryuu', 'Rukia', 'Ichigo', 'Yasutora', 'Aoga', 'Bulbous G', 'Kagine', 'Yhwach', 'Zangetsu', 'Hashigami', 'Soi Fon', 'Kanisawa', 'Jibakurai', 'Hinagiku', 'Demora', 'Grand Fisher', 'Koganehiko', ""Kaname Tosen's friend"", 'Acidwire', 'Bawabawa', 'Hiyosu', 'Ayame', 'Goteitaishi', 'Verona']","['Inoue', 'Ishida', 'Kuchiki', 'Kurosaki', 'Sado', None, None, None, None, None, None, None, None, None, None, None, None, None, None, None, None, None, None, None, None]","['Female', 'Male', 'Female', 'Male', 'Male', None, None, None, 'Male', 'Male', None, 'Female', None, None, None, None, None, None, None, None, None, None, None, None, None]"
30013,ONE PIECE,One Piece,RELEASING,MANGA,,,"[201, 1310, 1277, 56, 105, 66, 85, 305, 34, 648, 226, 456, 103, 93, 82, 1427, 253, 111, 217, 83, 109, 153, 466, 326, 247, 490, 342, 43, 322, 106, 208, 433, 104, 101, 310, 489, 252, 801, 1052, 240, 137, 499, 291, 99, 1453, 102, 175, 142, 659, 224, 157, 558, 632, 593, 255, 1068, 122, 96, 259, 483, 152, 704, 365, 77, 191, 154, 144, 1091, 1165, 1342]","['Pirates', 'Travel', 'Found Family', 'Shounen', 'Ensemble Cast', 'Super Power', 'Tragedy', 'Ships', 'Military', 'Crime', 'Fugitive', 'Conspiracy', 'Politics', 'Post-Apocalyptic', 'Male Protagonist', 'Prison', 'Gods', 'War', 'Dystopian', 'Slapstick', 'Primarily Adult Cast', 'Time Skip', 'Lost Civilization', 'Cultivation', 'Slavery', 'Anachronism', 'Environmental', 'Swordplay', 'Assassins', 'Gangs', 'Mythology', 'Animals', 'Anti-Hero', 'Battle Royale', 'Espionage', 'Drugs', 'Revenge', 'Cyborg', 'Adoption', 'Amnesia', 'Large Breasts', 'Skeleton', 'Samurai', 'Henshin', 'Desert', 'Coming of Age', 'Robots', 'Food', 'Medicine', 'Dragons', 'Guns', 'Mermaid', 'Centaur', 'Oiran', 'Ninja', 'Angels', 'Trains', 'Time Manipulation', 'Monster Girl', 'LGBTQ+ Themes', 'Zombie', 'Dinosaurs', 'Memory Manipulation', 'Gender Bending', 'Aliens', 'Body Swapping', 'Meta', 'Religion', 'Transgender', 'Clone']","['Usopp', 'Franky', 'Sanji', 'Brook', 'Nami', 'Luffy', 'Robin', 'Zoro', 'Chopper', 'Ideaman', 'Fukaboshi', 'Arlong', 'Itomimizu', 'Papaneel', 'Nero', 'Haredas', 'Masira', 'Aladdin', 'Aisa', 'Kung Fu Dugong', 'Taroimo', 'Saint Shalulia', 'Kaneshiro', 'Laboon', 'Doran']","[None, '', '', '', '', 'Monkey', 'Nico', 'Roronoa', 'Tony Tony', None, None, None, None, None, None, None, None, None, None, None, None, None, None, None, None]","['Male', 'Male', 'Male', 'Male', 'Female', 'Male', 'Female', 'Male', 'Male', None, 'Male', 'Male', 'Male', None, 'Male', None, None, None, 'Female', None, None, None, None, None, None]"
30014,Groove Adventure Rave,Rave Master,FINISHED,MANGA,298,35,"[56, 82, 96, 98, 1310, 43, 85, 29, 224, 240, 15]","['Shounen', 'Male Protagonist', 'Time Manipulation', 'Female Protagonist', 'Travel', 'Swordplay', 'Tragedy', 'Magic', 'Dragons', 'Amnesia', 'Demons']","['Plue', 'Elie', 'Ruby', 'Belnika', 'Haru', 'Griffon', 'Java', 'Julia', 'Hamrio', 'Bony', 'Julius', 'Lazenby', 'Remi', 'Celia', 'Berial', 'Solacido', 'Dalmatian', 'Melodia', 'Reina', 'Sieghart', 'Jegan', 'Shuda', 'Hardner', 'Lilith', 'Ogre']","[None, None, None, None, 'Glory', 'Kato', 'Let Dahaka', 'Line Dragoon', 'Musica', 'The Starfish', None, None, None, None, None, None, None, None, None, None, None, None, None, None, None]","[None, 'Female', 'Male', 'Female', 'Male', None, None, 'Female', 'Male', None, None, None, None, None, None, None, None, None, None, None, None, None, None, None, None]"
30015,Mahou Sensei Negima!,Negima! Magister Negi Magi,FINISHED,MANGA,355,38,"[23, 56, 66, 82, 86, 165, 321, 29, 46, 30, 138, 83, 175, 244, 74, 255, 43, 139, 164, 365, 931, 254, 220, 96, 157, 780, 100, 102, 198, 614, 335, 779, 163, 162, 15]","['Female Harem', 'Shounen', 'Super Power', 'Male Protagonist', 'Primarily Female Cast', 'Teacher', 'Urban Fantasy', 'Magic', 'School', 'Martial Arts', 'Age Gap', 'Slapstick', 'Robots', 'Isekai', 'Vampire', 'Ninja', 'Swordplay', 'Love Triangle', 'Tsundere', 'Memory Manipulation', 'Tomboy', 'Kemonomimi', 'Ghost', 'Time Manipulation', 'Guns', 'Ojou-sama', 'Nudity', 'Coming of Age', 'Foreign', 'Nun', 'Tanned Skin', 'Kuudere', 'Yandere', 'Space Opera', 'Demons']","['Yue', 'Albert', 'Chisame', 'Asuna', 'Konoka', 'Evangeline Athanasia Katherine', 'Nodoka', 'Setsuna', 'Negi', 'Sister Shakti', 'Tsukuyomi', 'Eiko', 'Seruhiko', 'Theodora', 'Chachazero', 'Sayo', 'Yuuna', 'Chigusa', 'Kazumi', 'Fate', 'Anna', 'Arika Anarchia', 'Collet', 'Cocone', 'Ku']","['Ayase', 'Chamomile', 'Hasegawa', 'Kagurazaka', 'Konoe', 'McDowell', 'Miyazaki', 'Sakurazaki', 'Springfield', None, None, None, None, None, None, 'Aisaka', 'Akashi', 'Amagasaki', 'Asakura', 'Averruncus', 'Cocolova', 'Entheofushia', 'Farandole', 'Fatima Rosa', 'Fei']","['Female', None, 'Female', 'Female', 'Female', None, 'Female', 'Female', 'Male', None, None, None, None, None, None, None, 'Female', 'Female', 'Female', None, None, None, None, None, 'Female']"
30016,Love Hina,Love Hina,FINISHED,MANGA,123,14,"[164, 23, 105, 82, 56, 404, 109, 153, 86, 100, 291, 102]","['Tsundere', 'Female Harem', 'Ensemble Cast', 'Male Protagonist', 'Shounen', 'College', 'Primarily Adult Cast', 'Time Skip', 'Primarily Female Cast', 'Nudity', 'Samurai', 'Coming of Age']","['Motoko', 'Mitsune', 'Shinobu', 'Naru', 'Kaolla', 'Keitarou', 'Mecha-Tama', 'Kuro', 'Tsuruko', 'Masayuki', 'Ema', 'Sarah', 'Mrs.', 'Nyamo', 'Mei', 'Seta', 'Tamago', 'Natsumi', 'Mutsumi', 'Kimiaki', 'Hinata', 'Kanako', 'Haruka']","['Aoyama', 'Konno', 'Maehara', 'Narusegawa', 'Su', 'Urashima', None, None, 'Aoyama', 'Haitani', 'Maeda', 'McDougal', 'McDougal', 'Naamo', 'Narusegawa', 'Noriyasu', 'Onsen', 'Otohime', 'Otohime', 'Shirai', 'Urashima', 'Urashima', 'Urashima']","['Female', 'Female', 'Female', 'Female', 'Female', 'Male', None, None, 'Female', 'Male', 'Female', 'Female', None, 'Female', None, 'Male', None, 'Female', 'Female', 'Male', 'Female', 'Female', 'Female']"
30017,Kareshi Kanojo no Jijou,Kare Kano: His and Her Circumstances,FINISHED,MANGA,108,21,"[102, 46, 105, 98, 53, 82, 1045, 138, 85, 1228, 155, 163, 153, 548, 240, 110, 335, 931, 595, 164]","['Coming of Age', 'School', 'Ensemble Cast', 'Female Protagonist', 'Shoujo', 'Male Protagonist', 'Heterosexual', 'Age Gap', 'Tragedy', 'Primarily Teen Cast', 'Rape', 'Yandere', 'Time Skip', 'Acting', 'Amnesia', 'Band', 'Tanned Skin', 'Tomboy', 'Urban', 'Tsundere']","['Soichiro', 'Yukino', 'Pero Pero', 'Reiji', 'Hideaki', 'Kazuma', 'Yumi', 'Maho', 'Tsukino', 'Hiroyuki', 'Kano', 'Miyako', 'Tsubaki', 'Aya', 'Rika', 'Toshiharu', 'Tsubasa', 'Yusuke', 'Takefumi']","['Arima', 'Miyazawa', None, 'Arima', 'Asaba', 'Ikeda', 'Ikeda', 'Izawa', 'Miyazawa', 'Miyazawa', 'Miyazawa', 'Miyazawa', 'Sakura', 'Sawada', 'Sena', 'Shibahime', 'Shibahime', 'Takashi', 'Tonami']","['Male', 'Female', None, 'Male', 'Male', 'Male', 'Female', 'Female', 'Female', 'Male', 'Female', 'Female', 'Female', 'Female', 'Female', 'Male', 'Female', 'Male', 'Male']"
30018,Kodomo no Omocha,Kodocha: Sana's Stage,FINISHED,MANGA,54,10,"[446, 53, 102, 98, 46, 548, 85, 139, 1052, 1046, 1045, 87, 83, 1382, 164]","['Primarily Child Cast', 'Shoujo', 'Coming of Age', 'Female Protagonist', 'School', 'Acting', 'Tragedy', 'Love Triangle', 'Adoption', 'Suicide', 'Heterosexual', 'Family Life', 'Slapstick', 'Orphan', 'Tsundere']","['Akito', 'Misako', 'Sana', 'Fuuka', 'Tsuyoshi', 'Naru Naru', 'Mr. Onda', 'Sumirei', 'Shinichi', 'Fuyuki', 'Koharu', 'Natsumi', 'Hisae', 'Naozumi', 'Asako', 'Aono', 'Rei', 'Mariko', 'Keiko', 'Mako', 'Mami', 'Yuta', 'Mayu']","['Hayama', 'Kurata', 'Kurata', 'Matsui', 'Ooki', None, None, 'Ando', 'Gomi', 'Hayama', 'Hayama', 'Hayama', 'Kumagai', 'Kamura', 'Kurumi', 'Ohki', 'Sagami', 'Sakai', 'Sakai', 'Sonoda', 'Suzuki', 'Takaishi', 'Tomita']","['Male', 'Female', 'Female', 'Female', 'Male', None, None, None, None, None, None, None, None, None, 'Female', None, 'Male', None, None, None, None, None, None]"
30019,GetBackers,Get Backers: Dakkanya,FINISHED,MANGA,344,39,"[56, 82, 321, 66, 29, 466, 105]","['Shounen', 'Male Protagonist', 'Urban Fantasy', 'Super Power', 'Magic', 'Lost Civilization', 'Ensemble Cast']","['Ginji', 'Kazuki', 'Shido', 'Himiko', 'Ban', 'Hevn', 'Clayman', 'MakubeX', 'Kuroudo', 'Haruki', 'Takuma', 'Maguruma', 'Kyoji', 'Jubei', 'Sakura', 'Masaki', 'Yukihiko', 'Natsuhiko', 'Natsumi', 'Amon', 'Madoka', 'Gensui', 'Rena', 'Takeru', 'Kaoru']","['Amano', 'Fuuchoin', 'Fuyuki', 'Kudou', 'Mido', None, None, None, 'Akabane', 'Emishi', 'Fudou', 'Gouzou', 'Kagami', 'Kakei', 'Kakei', 'Kurusu', 'Miroku', 'Miroku', 'Mizuki', 'Natsuki', 'Otowa', 'Radou', 'Sendo', 'Teshimine', 'Ujiie']","['Male', 'Male', 'Male', 'Female', 'Male', 'Female', None, None, None, None, None, None, None, None, None, None, None, None, 'Female', None, None, None, None, 'Male', None]"
30020,Hikaru no Go,Hikaru no Go,FINISHED,MANGA,197,23,"[443, 102, 82, 220, 56, 85]","['Go', 'Coming of Age', 'Male Protagonist', 'Ghost', 'Shounen', 'Tragedy']","['Fujiwara no Sai', 'Hikaru', 'Akira', 'Tae-seon', 'Akari', 'Yuuta', 'Suyong', 'Shinichirou', 'Tetsuo', 'Yeong-ha', 'Atsushi', 'Honinbou', 'Yuuki', 'Shigeo', 'Asumi', 'Kousuke', 'Seiji', 'Kouyou', 'Toshirou', 'Kimihiro', 'Yoshitaka', 'Hai', 'Kiyoharu']","['', 'Shindou', 'Touya', 'Ahn', 'Fujisaki', 'Fukui', 'Hong', 'Isumi', 'Kaga', 'Ko', 'Kurata', 'Kuwabara', 'Mitani', 'Morishita', 'Nase', 'Ochi', 'Ogata', 'Touya', 'Tsubaki', 'Tsutsui', 'Waya', 'Yang', 'Yashiro']","['Male', 'Male', 'Male', None, 'Female', 'Male', None, 'Male', 'Male', None, 'Male', None, 'Male', 'Male', 'Female', 'Male', 'Male', 'Male', None, 'Male', 'Male', None, None]"
30021,DEATH NOTE,Death Note,FINISHED,MANGA,108,12,"[694, 85, 104, 40, 321, 648, 82, 391, 253, 310, 88, 153, 56, 240, 103, 15, 365, 198]","['Detective', 'Tragedy', 'Anti-Hero', 'Police', 'Urban Fantasy', 'Crime', 'Male Protagonist', 'Philosophy', 'Gods', 'Espionage', 'Primarily Male Cast', 'Time Skip', 'Shounen', 'Amnesia', 'Politics', 'Demons', 'Memory Manipulation', 'Foreign']","['Ryuk', 'Misa', 'Mihael', 'L', 'Nate', 'Light', 'Rem', 'Nori', 'Yamamoto', 'Shidoh', 'Jealous', 'Yuri', 'Guuk', 'Eriko', 'Shuuichi', 'Yumi', 'Halle', 'Anthony', 'Larry', 'George', 'Carl', 'Hitoshi', 'Dwhite', 'Arayoshi', 'Kyosuke']","['', 'Amane', 'Keehl', 'Lawliet', 'River', 'Yagami', None, None, None, None, None, None, None, 'Aizawa', 'Aizawa', 'Aizawa', 'Bullook', 'Carter', 'Conners', 'Cyrus', 'Darlingbin', 'Demegawa', 'Gordon', 'Hatori', 'Higuchi']","['Male', 'Female', 'Male', 'Male', 'Male', 'Male', 'Female', 'Female', 'Male', 'Male', 'Male', 'Female', 'Male', 'Female', 'Male', 'Female', 'Female', 'Male', 'Male', 'Male', 'Male', 'Male', 'Male', 'Male', 'Male']"
30022,Rurouni Kenshin: Meiji Kenkaku Romantan,Rurouni Kenshin,FINISHED,MANGA,259,28,"[43, 56, 291, 25, 82, 30, 255, 322, 34, 94, 139, 326, 321]","['Swordplay', 'Shounen', 'Samurai', 'Historical', 'Male Protagonist', 'Martial Arts', 'Ninja', 'Assassins', 'Military', 'Gore', 'Love Triangle', 'Cultivation', 'Urban Fantasy']","['Kenshin', 'Kaoru', 'Yahiko', 'Sanosuke', 'Tatsumi', 'Seiryuu', 'Suzaku', 'Shirojo', 'Saizuchi', 'Byakko', 'Fuji', 'Kurojo', 'Tsubaki', 'Nishiwaki', 'Toshiyoshi', 'Genbu', 'Iwanbou', 'Ochika', 'Omasu', 'Hannya', 'Senkaku', 'Gein', 'Arundo', 'Azusa', 'Iori']","['Himura', 'Kamiya', 'Myojin', 'Sagara', None, None, None, None, None, None, None, None, None, None, 'Kawaji', None, None, None, None, None, None, None, 'Akamatsu', 'Arai', 'Arai']","['Male', 'Female', None, None, None, None, None, None, None, None, None, None, None, 'Male', 'Male', None, None, None, None, 'Male', None, None, 'Male', None, None]"
30023,Ranma 1/2,Ranma ½,FINISHED,MANGA,407,38,"[77, 139, 99, 105, 1361, 1456, 30, 193, 56, 46, 931, 772, 137, 100]","['Gender Bending', 'Love Triangle', 'Henshin', 'Ensemble Cast', 'Mixed Gender Harem', 'Femboy', 'Martial Arts', 'Episodic', 'Shounen', 'School', 'Tomboy', 'Shapeshifting', 'Large Breasts', 'Nudity']","['Ranma', 'Akane', 'Daisuke', 'Katsunishiki', 'Baa-san', 'Shampoo', 'Yotarou', 'King', 'Orochi', 'Happousai', ""Shinnosuke's Grandfather"", 'Shinnosuke', 'Akane no Hahaoya', 'Harumaki no Mayo', 'Konatsu', 'Maomolin', 'Sayuri', 'Mousse', 'Gyoko', 'Herb', 'Yuka', 'Pansuto Tarou', 'Madame Saint Paul', 'Hiroshi', 'Cologne']","['Saotome', 'Tendou', None, None, None, None, None, None, None, None, None, None, None, None, None, None, None, None, None, None, None, '', None, None, None]","['Male', 'Female', None, None, 'Female', 'Female', 'Male', 'Male', None, 'Male', None, None, 'Female', 'Male', None, None, None, None, None, None, None, 'Male', None, None, None]"
30024,D.Gray-man,D.Gray-man,RELEASING,MANGA,,,"[15, 85, 82, 66, 198, 240, 1277, 536, 56, 476, 1091, 88, 95, 1052, 93, 586, 25]","['Demons', 'Tragedy', 'Male Protagonist', 'Super Power', 'Foreign', 'Amnesia', 'Found Family', 'Dissociative Identities', 'Shounen', 'Circus', 'Religion', 'Primarily Male Cast', 'Steampunk', 'Adoption', 'Post-Apocalyptic', 'Cult', 'Historical']","['Lavi', 'Yu', 'Lenalee', 'Allen', 'Jerry', 'Jasdero', 'Mercym', 'Debitto', 'Lulu Bell', 'Mightra', 'Jean', 'Millenium Earl', 'Rikei', 'Lero', 'Hevlaska', 'Sachiko', 'Lala', 'Toma', 'Fou', 'Timcanpy', 'Madarao', 'Shifu', 'Leo', 'Wisely', 'Bookman']","[None, 'Kanda', 'Lee', 'Walker', None, None, None, None, None, None, None, None, None, None, None, None, None, None, None, None, None, None, None, None, None]","['Male', 'Male', 'Female', 'Male', None, None, None, None, 'Female', None, None, 'Male', None, None, None, None, None, None, None, None, None, None, None, None, None]"
30025,Hagane no Renkinjutsushi,Fullmetal Alchemist,FINISHED,MANGA,116,27,"[1291, 456, 34, 103, 391, 111, 85, 82, 56, 95, 1310, 105, 639, 66, 1219, 466, 29, 774, 157, 164, 94, 25, 1045, 10, 122, 779, 931]","['Alchemy', 'Conspiracy', 'Military', 'Politics', 'Philosophy', 'War', 'Tragedy', 'Male Protagonist', 'Shounen', 'Steampunk', 'Travel', 'Ensemble Cast', 'Body Horror', 'Super Power', 'Disability', 'Lost Civilization', 'Magic', 'Chimera', 'Guns', 'Tsundere', 'Gore', 'Historical', 'Heterosexual', 'Cars', 'Trains', 'Kuudere', 'Tomboy']","['Edward', 'Alphonse', 'Sheska', 'Bido', 'Greed', 'Garfiel', 'Miles', 'Barry the Chopper', 'Bard', 'Grumman', 'Hakuro', 'Martel', 'Shifu', 'Lust', 'Raven', 'Scar', 'Scar Ani', 'Yoki', 'Envy', 'Neil', 'Flask no Homunculus', 'Knox', 'Jerso', 'Paninya', 'Charlie']","['Elric', 'Elric', None, None, None, None, None, None, None, None, None, None, None, None, None, None, None, None, None, None, None, None, None, None, None]","['Male', 'Male', None, None, None, None, None, 'Male', None, 'Male', 'Male', 'Female', 'Male', 'Female', 'Male', 'Male', 'Male', None, 'Non-binary', None, 'Male', 'Male', 'Male', None, 'Male']"
30026,HUNTER×HUNTER,Hunter x Hunter,RELEASING,MANGA,,,"[56, 66, 326, 105, 391, 88, 82, 1310, 252, 104, 648, 774, 85, 322, 321, 101, 103, 102, 615, 106, 30, 94, 305, 456, 466, 308, 178, 107, 433, 483, 15, 1165, 96, 240, 870, 77, 291, 622]","['Shounen', 'Super Power', 'Cultivation', 'Ensemble Cast', 'Philosophy', 'Primarily Male Cast', 'Male Protagonist', 'Travel', 'Revenge', 'Anti-Hero', 'Crime', 'Chimera', 'Tragedy', 'Assassins', 'Urban Fantasy', 'Battle Royale', 'Politics', 'Coming of Age', 'Death Game', 'Gangs', 'Martial Arts', 'Gore', 'Ships', 'Conspiracy', 'Lost Civilization', 'Video Games', 'Card Battle', 'Mafia', 'Animals', 'LGBTQ+ Themes', 'Demons', 'Transgender', 'Time Manipulation', 'Amnesia', 'Cannibalism', 'Gender Bending', 'Samurai', 'Asexual']","['Hisoka', 'Kurapika', 'Gon', 'Leorio', 'Killua', 'Feitan', 'Canary', 'Latarza', 'Binolt', 'Leroute', 'Lippo', 'Reina', 'Baise', 'Eliza', 'Satotz', 'Shizuku', 'Senchou', 'Knov', 'Goreinu', 'Piyon', 'Umori', 'Riehlvelt', 'Togari', 'Koala', 'Bonolenov']","['Morow', None, 'Freecss', 'Paradinight', 'Zoldyck', 'Portor', None, None, None, None, None, None, None, None, None, 'Murasaki', None, None, None, None, None, None, None, None, 'Ndongo']","['Male', 'Male', 'Male', 'Male', 'Male', 'Male', 'Female', None, None, None, None, None, None, None, None, None, 'Male', None, None, None, None, None, None, 'Male', None]"
30027,X,X,RELEASING,MANGA,,,"[53, 321, 391, 1091, 82, 66, 105, 208, 536, 94, 85, 29, 104, 108, 342, 1277]","['Shoujo', 'Urban Fantasy', 'Philosophy', 'Religion', 'Male Protagonist', 'Super Power', 'Ensemble Cast', 'Mythology', 'Dissociative Identities', 'Gore', 'Tragedy', 'Magic', 'Anti-Hero', 'Cyberpunk', 'Environmental', 'Found Family']","['Fuuma', 'Kamui', 'Inuki', 'Nataku', 'Hinoto', 'Kanoe', 'Seiichiro', 'Sorata', 'Akira', 'Nokoru', 'Karen', 'Yuto', 'Arashi', 'Kakyo', 'Tokiko', 'Kotori', 'Yuzuriha', 'Daisuke', 'Seishirou', 'Setsuka', 'Tooru', 'Kusanagi', 'Subaru', 'Hokuto', 'Suou']","['Monou', 'Shirou', None, None, None, None, 'Aoki', 'Arisugawa', 'Ijuuin', 'Imonoyama', 'Kasumi', 'Kigai', 'Kishu', 'Kuzuki', 'Magami', 'Monou', 'Nekoi', 'Saiki', 'Sakurazuka', 'Sakurazuka', 'Shirou', 'Shiyu', 'Sumeragi', 'Sumeragi', 'Takamura']","['Male', 'Male', None, None, None, None, None, 'Male', None, None, None, None, None, None, None, None, None, None, None, None, None, None, None, 'Female', None]"
30028,NANA,Nana,RELEASING,MANGA,,,"[53, 98, 110, 109, 85, 124, 391, 153, 483, 139, 294, 155, 100, 489, 156, 1277, 138, 117]","['Shoujo', 'Female Protagonist', 'Band', 'Primarily Adult Cast', 'Tragedy', 'Netorare', 'Philosophy', 'Time Skip', 'LGBTQ+ Themes', 'Love Triangle', 'Bisexual', 'Rape', 'Nudity', 'Drugs', 'Achronological Order', 'Found Family', 'Age Gap', 'Mahjong']","['Nana', 'Nana', 'Shion', 'Shouji', 'Naoki', 'Ren', 'Takumi', 'Satsuki', 'Ryoko', 'Sachiko', 'Natsuko', 'Asami', '', 'Shinichi', 'Junko', 'Layla', 'Miu', 'Ginpei', 'Yasushi', 'Kyousuke', 'Nobuo', 'Mai', 'Nami', 'Nao', 'Ren']","['Komatsu', 'Oosaki', None, 'Endou', 'Fujieda', 'Honjou', 'Ichinose', 'Ichinose', 'Kashiwagi', 'Kawamura', 'Komatsu', 'Matsumoto', 'Matsuo', 'Okazaki', 'Saotome', 'Serizawa', 'Shinoda', 'Shiroboshi', 'Takagi', 'Takakura', 'Terashima', 'Tsuzuki', 'Komatsu', 'Komatsu', 'Ichinose']","['Female', 'Female', None, 'Male', None, 'Male', 'Male', None, None, 'Female', None, None, None, 'Male', None, 'Female', 'Female', None, 'Male', None, 'Male', None, 'Female', 'Female', 'Male']"
30029,Paradise Kiss,Paradise Kiss,FINISHED,MANGA,48,5,"[27, 410, 102, 98, 46, 144, 1045, 483, 294, 139, 1165, 105, 153, 100]","['Josei', 'Fashion', 'Coming of Age', 'Female Protagonist', 'School', 'Meta', 'Heterosexual', 'LGBTQ+ Themes', 'Bisexual', 'Love Triangle', 'Transgender', 'Ensemble Cast', 'Time Skip', 'Nudity']","['Yukari', 'George', 'Arashi', 'Miwako', 'Isabella', 'Kaori', 'Seiji', 'Mikako', 'Hiroyuki', 'Alice', 'Tsutomu', 'Yasuko', 'Kozue', 'Taku', 'Sebastian', 'Yukino']","['Hayasaka', 'Koizumi', 'Nagase', 'Sakurada', 'Yamamoto', 'Aso', 'Kisaragi', 'Kouda', 'Tokumori', 'Yamaguchi', 'Yamaguchi', 'Hayasaka', 'Shimamoto', 'Hayasaka', None, 'Koizumi']","['Female', 'Male', 'Male', 'Female', 'Female', 'Female', 'Male', 'Female', 'Male', 'Female', 'Male', 'Female', None, 'Male', 'Male', 'Female']"
30030,Ouran Koukou Host Club,Ouran High School Host Club,FINISHED,MANGA,97,18,"[123, 84, 53, 46, 98, 186, 77, 83, 1361, 105, 1228, 494, 483, 334, 144, 139, 102, 931, 39, 1063, 1045, 328, 324, 164, 356, 128, 294]","['Male Harem', 'School Club', 'Shoujo', 'School', 'Female Protagonist', 'Crossdressing', 'Gender Bending', 'Slapstick', 'Mixed Gender Harem', 'Ensemble Cast', 'Primarily Teen Cast', 'Twins', 'LGBTQ+ Themes', 'Agender', 'Meta', 'Love Triangle', 'Coming of Age', 'Tomboy', 'Parody', 'Cute Boys Doing Cute Things', 'Heterosexual', 'Cosplay', 'Chibi', 'Tsundere', 'Gyaru', 'Incest', 'Bisexual']","['Haruhi', 'Mitsukuni', 'Kaoru', 'Hikaru', 'Takashi', 'Kyouya', 'Tamaki', 'Dr. Alleman', 'Kuretake', 'Arai', 'Yabu', 'Benio', 'Ryouji', 'Anne-Sophie', 'Yorihisa', 'Yasuchika', 'Kazuha', 'Yuzuha', 'Father', 'Renge', 'Hina', 'Reiko', 'Megumi', 'Ritsu', 'Kanako']","['Fujioka', 'Haninozuka', 'Hitachiin', 'Hitachiin', 'Morinozuka', 'Ootori', 'Suou', None, None, None, None, 'Amakusa', 'Fujioka', 'Grantaine', 'Haninozuka', 'Haninozuka', 'Hitachiin', 'Hitachiin', 'Hitachiin', 'Houshakuji', 'Kamishiro', 'Kanazuki', 'Kanoya', 'Kasanoda', 'Kasugasaki']","['Female', 'Male', 'Male', 'Male', 'Male', 'Male', 'Male', None, None, None, None, None, None, None, None, None, None, None, None, None, None, None, None, None, None]"
30031,Lovely★Complex,Love★Com,FINISHED,MANGA,72,17,"[46, 53, 98, 83, 102, 1045, 1228, 164, 139, 483, 1165, 324, 192]","['School', 'Shoujo', 'Female Protagonist', 'Slapstick', 'Coming of Age', 'Heterosexual', 'Primarily Teen Cast', 'Tsundere', 'Love Triangle', 'LGBTQ+ Themes', 'Transgender', 'Chibi', 'Basketball']","['Risa', 'Atsushi', 'Yoshi', ""Ootani's Mother"", 'Umibouzu', 'Haruka', 'Nobuko', 'Mayu', 'Kazuki', 'Takahito', 'Seiko', 'Maitake', 'Kiyoji', 'Heikichi', 'Ryoji', 'Chiharu', 'Mimi', 'Risa no Haha', 'Risa no Chichi', ""Ootani's Sister""]","['Koizumi', 'Ootani', None, None, None, 'Fukagawa', 'Ishihara', 'Kanzaki', 'Kohori', 'Koizumi', 'Kotobuki', 'Kuniumi', 'Nakano', 'Nakao', 'Suzuki', 'Tanaka', 'Yoshioka', None, None, None]","['Female', 'Male', None, None, 'Male', 'Male', 'Female', 'Female', 'Male', None, 'Female', 'Male', None, 'Male', 'Male', 'Female', 'Female', 'Female', 'Male', None]"
30032,666: Satan,O-Parts Hunter,FINISHED,MANGA,78,19,"[56, 153, 15, 253, 82, 536, 1068, 466, 208, 326, 191, 66, 102]","['Shounen', 'Time Skip', 'Demons', 'Gods', 'Male Protagonist', 'Dissociative Identities', 'Angels', 'Lost Civilization', 'Mythology', 'Cultivation', 'Aliens', 'Super Power', 'Coming of Age']","['Ball', 'Zero', 'Kirin', 'Ruby Crescent', 'Cross', 'Jio', 'Yuria', 'Amidaba', 'Rock', 'Kaito', 'Mei', 'Spika', 'Ponzu', 'Anna', 'Jin', 'Tsubame', 'Futomomotarou', 'Baku', 'Barisu', 'Jojomaru', 'Museshi', 'Shuri', 'Jajamaru', 'Kujaku', 'Jack']","[None, None, None, None, 'Biancia', 'Freed', None, None, None, None, None, None, None, None, None, None, None, None, None, None, None, None, None, None, 'Crescent']","[None, None, None, None, None, None, None, None, None, None, None, None, None, None, None, None, None, None, None, None, None, None, None, None, None]"
30033,Pita-Ten,Pita-Ten,FINISHED,MANGA,47,8,"[1045, 29, 56, 98, 15, 243, 324]","['Heterosexual', 'Magic', 'Shounen', 'Female Protagonist', 'Demons', 'Reincarnation', 'Chibi']","['Misha', 'Shia', 'Kotarou', 'Nya', 'Sasha', 'Takashi', 'Shino', 'Hiroshi', 'Kaoru', 'Koboshi']","[None, None, 'Higuchi', None, None, 'Ayanokouji', 'Higuchi', 'Mitarai', 'Mitarai', 'Uematsu']","[None, 'Female', 'Male', None, None, 'Male', None, 'Male', 'Female', 'Female']"
30034,Di Gi Charat: Koushiki Comic Anthology,Di Gi Charat,FINISHED,MANGA,72,4,"[56, 471, 98, 86, 324, 191, 113]","['Shounen', 'Anthology', 'Female Protagonist', 'Primarily Female Cast', 'Chibi', 'Aliens', 'Nekomimi']","['Di Gi Charat', 'Petite Charat', 'Gema', 'Pyocola', 'Coo', 'Rik', 'Ky', 'Hikaru', 'Tenchou']","[None, None, None, 'Analogue III', 'Erhard', 'Heisenberg', 'Schweitzer', 'Usada', None]","['Female', 'Female', None, 'Female', None, None, 'Male', 'Female', None]"
30035,Kamichama Karin,Kamichama Karin,FINISHED,MANGA,32,7,"[29, 53, 253, 66, 98, 321, 446]","['Magic', 'Shoujo', 'Gods', 'Super Power', 'Female Protagonist', 'Urban Fantasy', 'Primarily Child Cast']","['Shii-chan', 'Karin', 'Kazune', 'Himeka', 'Kazusa', 'Ami-chan', 'Kirihiko', 'Kirio', 'Kirika', 'Tamae', 'Michiru', 'Yuuki', 'Miyon']","[None, 'Hanazono', 'Kuujou', 'Kuujou', None, None, 'Karasuma', 'Karasuma', 'Karasuma', 'Nishikiori', 'Nishikiori', 'Sakurai', 'Yi']","[None, 'Female', 'Male', 'Female', None, None, None, 'Male', 'Female', None, None, None, None]"
30036,Kamikaze Kaitou Jeanne,Phantom Thief Jeanne,FINISHED,MANGA,33,7,"[98, 15, 243, 311, 102, 282, 53, 46, 99, 1068, 1045, 391, 654, 96, 145, 153, 139, 253, 321]","['Female Protagonist', 'Demons', 'Reincarnation', 'Rehabilitation', 'Coming of Age', 'Hikikomori', 'Shoujo', 'School', 'Henshin', 'Angels', 'Heterosexual', 'Philosophy', 'Denpa', 'Time Manipulation', 'Work', 'Time Skip', 'Love Triangle', 'Gods', 'Urban Fantasy']","['Finn', 'Maron', 'Chiaki', 'Miyako', 'Claude', 'Access', 'Yamato']","['Fish', 'Kusakabe', 'Nagoya', 'Toudaiji', 'Noin', 'Time', 'Minazuki']","[None, 'Female', 'Male', 'Female', None, None, 'Male']"
30037,Shinshi Doumei Cross,The Gentlemen's Alliance Cross,FINISHED,MANGA,64,11,"[46, 53, 139, 494, 75, 105, 84, 98, 483, 294, 779, 138, 240, 1052, 1456, 164, 365, 77, 186, 1228, 395, 102, 1045]","['School', 'Shoujo', 'Love Triangle', 'Twins', ""Boys' Love"", 'Ensemble Cast', 'School Club', 'Female Protagonist', 'LGBTQ+ Themes', 'Bisexual', 'Kuudere', 'Age Gap', 'Amnesia', 'Adoption', 'Femboy', 'Tsundere', 'Memory Manipulation', 'Gender Bending', 'Crossdressing', 'Primarily Teen Cast', 'Delinquents', 'Coming of Age', 'Heterosexual']","['Ushio', 'Yoshitaka', 'Haine', 'Shizumasa', 'Takanari', 'Maguri', 'Miruko', 'Touya', 'Chiyoko', 'Rieko', 'Yukimitsu', 'Kiriaki', 'Komaki', 'Maika', 'Tachibana', 'Kazuhito', 'Mizuki', 'Senri', 'Itsuki', 'Ryokka', 'Kusame', 'Strahl']","['Amamiya', 'Ichinomiya', 'Otomiya', 'Touguu', 'Touguu', 'Tsujimiya', 'Miyamiya', None, 'Yamamiya', '', 'Tsujimiya', None, 'Kamiya', 'Kamiya', 'Kamiya', 'Kamiya', 'Kotomiya', 'Narumiya', 'Otomiya', 'Otomiya', 'Otomiya', 'Tachimiya III']","['Female', 'Male', 'Female', 'Male', 'Male', 'Male', 'Female', 'Male', None, None, None, 'Male', 'Female', 'Female', 'Male', 'Male', None, 'Male', 'Male', None, 'Male', None]"
30038,+Anima,+Anima,FINISHED,MANGA,59,10,"[56, 433, 446, 1063, 1219, 1310, 254, 1277, 247, 558, 240, 250, 1456, 1382, 614, 186, 1453, 88]","['Shounen', 'Animals', 'Primarily Child Cast', 'Cute Boys Doing Cute Things', 'Disability', 'Travel', 'Kemonomimi', 'Found Family', 'Slavery', 'Mermaid', 'Amnesia', 'Rural', 'Femboy', 'Orphan', 'Nun', 'Crossdressing', 'Desert', 'Primarily Male Cast']","['Cooro', 'Husky', 'Senri', 'Nana', 'Lyra', 'Upas', 'Riiya', 'Fly', 'Rose', 'Pinion', 'Marca', 'Igneous', 'Mukara']","[None, None, None, 'Alba', None, None, None, None, None, None, 'Brighton', 'Giesrieg', 'Shi']","['Male', None, None, None, None, None, None, None, 'Female', None, None, None, None]"
30039,ZOMBIE POWDER.,ZOMBIEPOWDER.,FINISHED,MANGA,30,4,"[56, 82, 43, 66, 198, 321, 104, 106, 476, 157, 95, 122]","['Shounen', 'Male Protagonist', 'Swordplay', 'Super Power', 'Foreign', 'Urban Fantasy', 'Anti-Hero', 'Gangs', 'Circus', 'Guns', 'Steampunk', 'Trains']","['C.T. Smith', 'Gamma', 'Wolfgangina Lalla', 'John Elwood', 'Nazna', 'Angelle Belle']","[None, 'Akutabi', 'Getto', 'Shepherd', 'Gemini', 'Rose Cooney']","[None, None, None, None, None, None]"
30040,Black Cat,Black Cat,FINISHED,MANGA,187,20,"[56, 157, 109, 66, 252, 85, 322]","['Shounen', 'Guns', 'Primarily Adult Cast', 'Super Power', 'Revenge', 'Tragedy', 'Assassins']","['Eve', 'Train', 'Sven', 'Rinslet', 'Layla', 'Tim', 'Tanya', 'Maro', 'Gallom', 'Lacdoll', 'Eathes', 'Shiki', 'Murdock', 'Sephiria', 'Zagine', 'Naizer', 'Silphy', 'Creed', 'Leon', 'Baldorias', 'Charden', 'Touma', 'Preta', 'Durham', 'Lloyd']","[None, 'Heartnet', 'Vollfied', 'Walker', None, None, None, None, None, None, None, None, None, 'Arks', 'Axeloake', 'Bruckheimer', 'Deacroft', 'Diskenth', 'Elliott', 'Fanghini', 'Flamberg', 'Fudou', 'Ghoul', 'Glaster', 'Goldwynne']","['Female', 'Male', 'Male', 'Female', None, None, None, None, None, 'Male', None, 'Male', None, 'Female', None, None, None, 'Male', None, None, 'Male', None, 'Male', 'Male', None]"
30041,Busou Renkin,Buso Renkin,FINISHED,MANGA,83,10,"[46, 56, 494, 1291]","['School', 'Shounen', 'Twins', 'Alchemy']","['Koushaku', 'Kazuki', 'Mamoru', 'Tokiko', 'Shii', 'Victor', 'Kinjo', 'Victoria', 'Washio', 'Moon Face', 'Jinnai', 'Dr. Butterfly', 'Tai', 'Mita', 'Hanaka', 'Jirou', 'Shishaku', 'Masashi', 'Ouka', 'Mayumi', 'Shusui', 'Sekima', 'Genji', 'Saori', 'Mahiro']","['Chouno', 'Muto', 'Sakimori', 'Tsumura', None, None, None, None, None, None, None, None, None, None, 'Busujima', 'Chouno', 'Chouno', 'Daihama', 'Hayasaka', 'Hayasaka', 'Hayasaka', 'Hiwatari', 'Ikusabe', 'Kawai', 'Muto']","['Male', None, None, 'Female', None, None, 'Male', None, None, 'Male', 'Male', 'Male', None, None, 'Female', None, None, None, 'Female', None, 'Male', None, 'Male', None, 'Female']"
30042,Dragon Ball,Dragon Ball,FINISHED,MANGA,520,42,"[30, 56, 1310, 82, 66, 326, 191, 153, 102, 99, 801, 490, 29, 100, 253, 772, 147, 175, 1052, 224, 34, 250, 536]","['Martial Arts', 'Shounen', 'Travel', 'Male Protagonist', 'Super Power', 'Cultivation', 'Aliens', 'Time Skip', 'Coming of Age', 'Henshin', 'Cyborg', 'Anachronism', 'Magic', 'Nudity', 'Gods', 'Shapeshifting', 'Afterlife', 'Robots', 'Adoption', 'Dragons', 'Military', 'Rural', 'Dissociative Identities']","['Kuririn', 'Vegeta', 'Piccolo', 'Gokuu', 'Gohan', 'Kita no Kaiou', 'Cold Daiou', 'Chapa-O', 'Piccolo Daimao', 'Bora', 'Burter', 'Staff Officer Black', 'Akkuman', 'Mr. Satan', 'Obotchaman', 'Bardock', 'Mermaid', 'Shu', 'Gyuumaou', 'Oolong', 'Rou Dai Kaioshin', 'Chiaotzu', 'Gregory', 'Nappa', 'Toninjinka']","[None, None, None, 'Son', 'Son', None, None, None, None, None, None, None, None, None, None, None, None, None, None, None, None, None, None, None, None]","['Male', 'Male', 'Male', 'Male', 'Male', None, 'Male', None, None, 'Male', None, None, None, None, None, None, 'Female', None, None, 'Male', None, None, None, None, 'Male']"
30043,Eyeshield 21,Eyeshield 21,FINISHED,MANGA,333,37,"[314, 56, 82, 84, 102, 157, 88, 91, 1228]","['American Football', 'Shounen', 'Male Protagonist', 'School Club', 'Coming of Age', 'Guns', 'Primarily Male Cast', 'Gambling', 'Primarily Teen Cast']","['Mamori', 'Youichi', 'Sena', 'Ryokan', 'Tarou', 'Gen', 'Tatanka', 'Cerberos', 'Hayato', 'Daisuke', 'Mamoru', 'Devil', 'Homer', 'Rikiya', 'Rui', 'Kiminari', 'Maruko', 'Masaru', 'Taka', 'Billy', 'Ikkyu', 'Daigo', 'Tetsuo', 'Kazuki', 'Riku']","['Anezaki', 'Hiruma', 'Kobayakawa', 'Kurita', 'Raimon', 'Takekura', None, None, 'Akaba', 'Atsumi', 'Banba', 'Bat', 'Fitzgerald', 'Gaou', 'Habashira', 'Harao', 'Himuro', 'Honjou', 'Honjou', 'Horide', 'Hosakawa', 'Ikari', 'Ishimaru', 'Juumonji', 'Kaitani']","[None, 'Male', None, None, 'Male', 'Male', None, None, None, None, 'Male', None, None, 'Male', 'Male', None, None, None, None, None, 'Male', None, 'Male', None, 'Male']"
30044,Gintama,Gin Tama,FINISHED,MANGA,709,77,"[39, 291, 43, 144, 56, 191, 82, 391, 193, 1277, 85, 63, 153, 490, 105, 25, 40, 111, 217, 175, 255, 322, 186, 226, 115, 468, 1105, 154, 118, 106, 23, 536, 147, 240, 586, 77, 220, 34, 243, 113, 483, 1379]","['Parody', 'Samurai', 'Swordplay', 'Meta', 'Shounen', 'Aliens', 'Male Protagonist', 'Philosophy', 'Episodic', 'Found Family', 'Tragedy', 'Space', 'Time Skip', 'Anachronism', 'Ensemble Cast', 'Historical', 'Police', 'War', 'Dystopian', 'Robots', 'Ninja', 'Assassins', 'Crossdressing', 'Fugitive', 'Idol', 'Shrine Maiden', 'Judo', 'Body Swapping', 'Drawing', 'Gangs', 'Female Harem', 'Dissociative Identities', 'Afterlife', 'Amnesia', 'Cult', 'Gender Bending', 'Ghost', 'Military', 'Reincarnation', 'Nekomimi', 'LGBTQ+ Themes', 'Homeless']","['Kagura', 'Gintoki', 'Shinpachi', 'Blu-rayko', 'Tom', 'Shachi', 'Kid', 'Pandemonium', 'Hideaki', 'Kada', 'Fumiko', 'Hedoro', 'Puke Shogun', 'Abuto', 'Kamemiya', 'Mutsu', 'Sadaharu', 'Doushin', 'Ikezawa', 'Yocchan', 'Rei', 'Hata Ouji', 'Chichi', 'Captain Turtle', 'Kamui']","[None, 'Sakata', 'Shimura', None, None, None, None, None, 'Amachi', None, None, None, None, None, None, None, None, None, None, None, None, None, None, None, None]","['Female', 'Male', 'Male', None, None, None, None, None, 'Male', 'Female', None, None, 'Male', 'Male', None, 'Female', 'Male', None, None, None, None, 'Male', 'Male', None, 'Male']"
30045,Ichigo 100%,Strawberry 100%,FINISHED,MANGA,170,19,"[139, 23, 46, 82, 56, 102, 548]","['Love Triangle', 'Female Harem', 'School', 'Male Protagonist', 'Shounen', 'Coming of Age', 'Acting']","['Satsuki', 'Junpei', 'Yui', 'Tsukasa', 'Aya', 'Amachi', 'Okusa', 'Chinami', 'Rikiya', 'Shiori', 'Kozue', 'Misuzu', 'Hiroshi']","['Kitaouji', 'Manaka', 'Minamito', 'Nishino', 'Toujou', None, None, 'Hashimoto', 'Komiyama', 'Kurokawa', 'Mukai', 'Sotomura', 'Sotomura']","['Female', 'Male', 'Female', 'Female', 'Female', None, None, 'Female', None, None, 'Female', 'Female', None]"
30046,Kannade,,FINISHED,MANGA,15,2,"[56, 82, 648]","['Shounen', 'Male Protagonist', 'Crime']",[],[],[]
30047,Katekyo Hitman REBORN!,Reborn!,FINISHED,MANGA,411,42,"[107, 56, 66, 82, 46, 83, 96, 88, 321, 586, 102, 1091, 208]","['Mafia', 'Shounen', 'Super Power', 'Male Protagonist', 'School', 'Slapstick', 'Time Manipulation', 'Primarily Male Cast', 'Urban Fantasy', 'Cult', 'Coming of Age', 'Religion', 'Mythology']","['Lambo', 'Reborn', 'Chrome', 'Hayato', 'Kyouya', 'Mukuro', 'Ryouhei', 'Tsunayoshi', 'Takeshi', 'Torikabuto', 'Gamma', 'Dr. Shamal', 'Xanxus', 'Toras', 'Rasiel', 'Kojirou', 'Jager', 'Enzo', 'Giannichi', 'Fran', 'Mammon', 'Roll', 'Simora', 'Gyuudon', 'Zakuro']","[None, None, 'Dokuro', 'Gokudera', 'Hibari', 'Rokudo', 'Sasagawa', 'Sawada', 'Yamamoto', None, None, None, None, None, None, None, None, None, None, None, None, None, None, None, None]","['Male', 'Male', None, 'Male', 'Male', None, 'Male', 'Male', 'Male', None, 'Male', 'Male', 'Male', None, None, None, None, None, None, 'Male', None, None, 'Male', None, None]"
30048,Pretty Face,Pretty Face,FINISHED,MANGA,53,6,"[46, 56, 186, 395]","['School', 'Shounen', 'Crossdressing', 'Delinquents']","['Rina', 'Jun', 'Randou', 'Yuna']","['Kurimi', 'Manabe', 'Masashi', 'Kurimi']","['Female', None, None, 'Female']"
30049,Tennis no Ouji-sama,The Prince of Tennis,FINISHED,MANGA,379,42,"[194, 46, 104, 88, 82, 84, 56, 1228, 153]","['Tennis', 'School', 'Anti-Hero', 'Primarily Male Cast', 'Male Protagonist', 'School Club', 'Shounen', 'Primarily Teen Cast', 'Time Skip']","['Ryoma', 'Shuusuke', 'Sadaharu', 'Kaoru', 'Takashi', 'Eiji', 'Takeshi', 'Shuichiro', 'Kunimitsu', 'Ojii', 'Karupin', 'Arbiter', 'Yoshirou', 'Jirou', 'Jin', 'Hikaru', 'Kentarou', 'Keigo', 'Mikiya', 'Hiroshi', 'Senri', 'Taichi', 'Nanjiro', 'Yumiko', 'Yuuta']","['Echizen', 'Fuji', 'Inui', 'Kaidou', 'Kawamura', 'Kikumaru', 'Momoshiro', 'Oishi', 'Tezuka', None, None, None, 'Akazawa', 'Akutagawa', 'Akutsu', 'Amane', 'Aoi', 'Atobe', 'Banda', 'Chinen', 'Chitose', 'Dan', 'Echizen', 'Fuji', 'Fuji']","['Male', 'Male', 'Male', 'Male', 'Male', 'Male', 'Male', 'Male', None, None, None, None, 'Male', 'Male', 'Male', 'Male', 'Male', 'Male', None, None, 'Male', 'Male', None, None, 'Male']"
30050,Shaman King,Shaman King,FINISHED,MANGA,288,32,"[82, 208, 56, 66, 88, 243, 494, 220, 1243, 43, 74]","['Male Protagonist', 'Mythology', 'Shounen', 'Super Power', 'Primarily Male Cast', 'Reincarnation', 'Twins', 'Ghost', 'Necromancy', 'Swordplay', 'Vampire']","['Amidamaru', 'Hao', 'Yoh', 'Anna', 'Manta', 'Ren', 'Morphine', 'Ponchi', 'Mic', 'Eliza', 'Tokagero', 'Nichrom', 'Matamune', 'Iron Maiden Jeanne', 'Kalim', 'Bason', 'Lily', 'Silva', 'Kororo', 'Lilirara', 'Opacho', 'Radim', 'Conchi', 'Billy', 'Kino']","[None, 'Asakura', 'Asakura', 'Kyouyama', 'Oyamada', 'Tao', None, None, None, None, None, None, None, None, None, None, None, None, None, None, None, None, None, 'Anderson', 'Asakura']","['Male', 'Male', 'Male', 'Female', 'Male', 'Male', None, None, None, 'Female', None, 'Male', None, 'Female', 'Male', None, None, None, 'Female', None, 'Female', 'Male', None, None, 'Female']"
30051,SLAM DUNK,Slam Dunk,FINISHED,MANGA,276,31,"[192, 82, 88, 105, 56, 46, 1228, 395, 391, 85, 311]","['Basketball', 'Male Protagonist', 'Primarily Male Cast', 'Ensemble Cast', 'Shounen', 'School', 'Primarily Teen Cast', 'Delinquents', 'Philosophy', 'Tragedy', 'Rehabilitation']","['Takenori', 'Hisashi', 'Ryota', 'Kaede', 'Hanamichi', 'Nakamura', 'Ayako', 'Hikoichi', 'Yayoi', 'Haruko', 'Mitsuyoshi', 'Tatsuhiko', 'Kenji', 'Kicchou', 'Toru', 'Norio', 'Ryoji', 'Soichiro', 'Kiminobu', 'Hiroaki', 'Toki', 'Shinichi', 'Yohei', 'Dai', 'Kiyota']","['Akagi', 'Mitsui', 'Miyagi', 'Rukawa', 'Sakuragi', None, None, 'Aida', 'Aida', 'Akagi', 'Anzai', 'Aota', 'Fujima', 'Fukuda', 'Hanagata', 'Hotta', 'Ikegami', 'Jin', 'Kogure', 'Koshino', 'Kuwata', 'Maki', 'Mito', 'Moroboshi', 'Nobunaga']","['Male', 'Male', 'Male', 'Male', 'Male', None, None, None, None, None, None, None, 'Male', None, 'Male', None, None, None, 'Male', None, None, None, None, None, None]"
30052,Whistle!,Whistle!,FINISHED,MANGA,216,24,"[56, 148, 82, 88, 46]","['Shounen', 'Football', 'Male Protagonist', 'Primarily Male Cast', 'School']","['Daichi', 'Sho', 'Tatsuya', 'Shigeki', 'Oya-san', 'Kotarou', 'Tougo', 'Seiji', 'Hitoyoshi', 'Naoki', 'Eishi', 'Maiko', 'Yuuko', 'Kou', 'Souichiro', 'Teppei', 'Yuki', 'Kazu', 'Masaki', 'Shigeru', 'Soujuu', 'Akira', 'Hinase', 'Takashi', 'Akira']","['Fuwa', 'Kazamatsuri', 'Mizuno', 'Sato', None, 'Abe', 'Amemiya', 'Fujishiro', 'Iga', 'Inoue', 'Kaku', 'Kamijo', 'Katori', 'Kazamatsuri', 'Kirihara', 'Koiwa', 'Kojima', 'Kunugi', 'Kurogawa', 'Mamiya', 'Matsushita', 'Mikami', 'Mitsuhiro', 'Narumi', 'Saionji']","['Male', 'Male', 'Male', 'Male', None, None, None, 'Male', 'Male', 'Male', 'Male', None, None, 'Male', 'Male', 'Male', 'Female', None, None, None, None, None, None, None, None]"
