id,title_romaji,title_english,episodes,duration,genres,tags_id,tags_name,characters_nodes_name_first,characters_nodes_name_last,characters_nodes_gender
1,Cowboy Bebop,Cowboy Bebop,26,24,"['Action', 'Adventure', 'Drama', 'Sci-Fi']","[63, 648, 193, 105, 109, 327, 85, 157, 82, 108, 391, 1310, 931, 30, 104, 285, 240, 801, 91, 199, 489, 586, 40, 335, 100, 1277, 476]","['Space', 'Crime', 'Episodic', 'Ensemble Cast', 'Primarily Adult Cast', 'Noir', 'Tragedy', 'Guns', 'Male Protagonist', 'Cyberpunk', 'Philosophy', 'Travel', 'Tomboy', 'Martial Arts', 'Anti-Hero', 'Terrorism', 'Amnesia', 'Cyborg', 'Gambling', 'Yakuza', 'Drugs', 'Cult', 'Police', 'Tanned Skin', 'Nudity', 'Found Family', 'Circus']","['Spike', 'Ein', 'Faye', 'Rhint', 'Vicious', 'Stella', 'MPU', 'Coffee', 'Appledelhi Siniz Hesap Lütfen', 'Andy', 'Judy', 'Shin', 'Roco', 'Grencia Mars Elijah Guo', 'Julia', 'Wen', 'Tongpu', 'Jet', 'Edward', '', 'Fad', 'Meifa', 'Abdul', 'Dr. Londez', 'Miles']","['Spiegel', None, 'Valentine', 'Celonias', None, 'Bonnaro', None, None, '', 'Von de Oniyate', None, None, 'Bonnaro', 'Eckener', None, None, None, 'Black', 'Wong Hau Pepelu Tivrusky IV', 'Bull', None, 'Puzi', 'Hakim', None, None]","['Male', None, 'Female', None, 'Male', None, None, None, None, None, None, 'Male', None, None, None, None, None, 'Male', 'Female', None, 'Male', None, None, None, None]"
5,Cowboy Bebop: Tengoku no Tobira,Cowboy Bebop: The Movie - Knockin' on Heaven's Door,1,115,"['Action', 'Drama', 'Mystery', 'Sci-Fi']","[285, 109, 30, 931, 63, 648, 391, 82, 327, 157, 104, 240, 105, 108, 34, 198, 145, 801]","['Terrorism', 'Primarily Adult Cast', 'Martial Arts', 'Tomboy', 'Space', 'Crime', 'Philosophy', 'Male Protagonist', 'Noir', 'Guns', 'Anti-Hero', 'Amnesia', 'Ensemble Cast', 'Cyberpunk', 'Military', 'Foreign', 'Work', 'Cyborg']","['Spike', 'Ein', 'Faye', 'Lee', 'Judy', 'Jet', 'Vincent', 'Edward', 'Captain', '', 'Electra', 'Punch', 'Bob', 'Rasheed', 'Renji', 'Harris', 'Lylie', 'Old Lady', 'Steve', 'Cashier', 'Shop Owner', 'Colonel', 'Jobim', 'Antonio', 'Carlos']","['Spiegel', None, 'Valentine', 'Samson', None, 'Black', 'Volaju', 'Wong Hau Pepelu Tivrusky IV', None, 'Bull', 'Ovilo', None, None, None, None, None, 'Kisha', None, None, None, None, None, None, None, None]","['Male', None, 'Female', None, None, 'Male', None, 'Female', None, None, None, None, None, None, None, None, None, None, None, None, None, None, 'Male', 'Male', 'Male']"
6,TRIGUN,Trigun,26,24,"['Action', 'Adventure', 'Comedy', 'Drama', 'Sci-Fi']","[157, 226, 82, 109, 128, 391, 648, 85, 56, 193, 494, 1453, 1310, 191, 63, 95, 93, 83, 1091, 639]","['Guns', 'Fugitive', 'Male Protagonist', 'Primarily Adult Cast', 'Incest', 'Philosophy', 'Crime', 'Tragedy', 'Shounen', 'Episodic', 'Twins', 'Desert', 'Travel', 'Aliens', 'Space', 'Steampunk', 'Post-Apocalyptic', 'Slapstick', 'Religion', 'Body Horror']","['Kuroneko', 'Milly', 'Vash the Stampede', 'Rem', 'Zazie', 'Marilyn', 'Legato', 'Nicholas D.', 'Rai-Dei', 'Midvalley', 'Kaite', 'Meryl', 'Brilliant Dynamites', 'Knives', 'Monev the Gale', 'E.G.', 'Chapel', 'Descartes', 'Lina', 'Mary', 'Dominique', 'Hoppered', 'Jessica', 'Leonof', 'Cliff']","[None, 'Thompson', '', 'Saverem', 'the Beast', 'Nebraska', 'Bluesummers', 'Wolfwood', 'the Blade', 'the Hornfreak', None, 'Stryfe', 'Neon', 'Millions', '', 'Mine', 'the Evergreen', None, None, None, 'the Cyclops', 'the Gauntlet', None, 'the Puppet-Master', 'Schezar']","[None, None, 'Male', 'Female', 'Male', None, 'Male', 'Male', None, None, None, 'Female', None, None, None, None, None, None, None, None, None, None, None, None, None]"
7,Witch Hunter ROBIN,Witch Hunter ROBIN,26,25,"['Action', 'Drama', 'Mystery', 'Supernatural']","[98, 40, 29, 321, 456, 327, 179, 226, 109, 779]","['Female Protagonist', 'Police', 'Magic', 'Urban Fantasy', 'Conspiracy', 'Noir', 'Witch', 'Fugitive', 'Primarily Adult Cast', 'Kuudere']","['Haruto', 'Akio', 'Amon', 'Miho', 'Yurika', 'Robin', 'Nagira', 'Michael', 'Takuma', 'Touko']","['Sakaki', 'Kurosawa', None, 'Karasuma', 'Doujima', 'Sena', 'Shunji', 'Lee', 'Zaizen', 'Masaki']","['Male', None, 'Male', 'Female', 'Female', 'Female', 'Male', 'Male', 'Male', 'Female']"
8,Bouken Ou Beet,Beet the Vandel Buster,52,23,"['Adventure', 'Fantasy', 'Supernatural']",[56],['Shounen'],"['Kissu', 'Zenon', 'Beet', 'Poala', 'Beltoze', 'Milfa', 'Grunide', 'Slade']","[None, None, None, None, None, None, None, None]","[None, None, None, None, None, None, None, None]"
15,Eyeshield 21,Eyeshield 21,145,23,"['Action', 'Comedy', 'Sports']","[314, 56, 82, 46, 88, 84, 102, 171, 83, 395, 85]","['American Football', 'Shounen', 'Male Protagonist', 'School', 'Primarily Male Cast', 'School Club', 'Coming of Age', 'Bullying', 'Slapstick', 'Delinquents', 'Tragedy']","['Sena', 'Ryokan', 'Youichi', 'Kengo', 'Manabu', 'Mamori', 'Daikichi', 'Shun', 'Gen', 'Haruto', 'Seijuro', 'Tarou', 'Natsuhiko', 'Jeremy', 'Agon', 'Mamoru', 'Koutaro', 'Shozo', 'Kazuki', 'Koji', 'Hayato', 'Doburoku', 'Shien', 'Jo', 'Patrick']","['Kobayakawa', 'Kurita', 'Hiruma', 'Mizumachi', 'Yukimitsu', 'Anezaki', 'Komusubi', 'Kakei', 'Takekura', 'Sakuraba', 'Shin', 'Raimon', 'Taki', 'Watt', 'Kongo', 'Banba', 'Sasaki', 'Togano', 'Juumonji', 'Kuroki', 'Akaba', 'Sakaki', 'Mushanokoji', 'Tetsuma', 'Spencer']","[None, None, 'Male', 'Male', 'Male', None, 'Male', 'Male', 'Male', 'Male', 'Male', 'Male', 'Male', None, None, 'Male', 'Male', None, None, None, None, None, None, 'Male', 'Male']"
16,Hachimitsu to Clover,Honey and Clover,24,23,"['Comedy', 'Drama', 'Romance', 'Slice of Life']","[102, 27, 82, 404, 109, 139, 1045, 88, 118, 324, 779]","['Coming of Age', 'Josei', 'Male Protagonist', 'College', 'Primarily Adult Cast', 'Love Triangle', 'Heterosexual', 'Primarily Male Cast', 'Drawing', 'Chibi', 'Kuudere']","['Takumi', 'Shinobu', 'Shuuji', 'Ayumi', 'Rokutarou', 'Rika', 'Shin', 'Hagumi', 'Yuuta', 'Leader', 'Miwako', 'Nurse', 'Kaoru', 'Takumi', 'Mitsuko', 'Kazuo', 'Shouda', 'Kazushi']","['Mayama', 'Morita', 'Hanamoto', 'Yamada', None, 'Harada', None, 'Hanamoto', 'Takemoto', None, 'Teshigawara', None, 'Morita', 'Nomiya', 'Takemoto', 'Aida', None, 'Yamazaki']","['Male', 'Male', 'Male', 'Female', None, None, None, 'Female', 'Male', None, None, None, None, 'Male', None, None, None, None]"
17,Hungry Heart: Wild Striker,,52,23,"['Comedy', 'Slice of Life', 'Sports']","[148, 56, 84, 88]","['Football', 'Shounen', 'School Club', 'Primarily Male Cast']","['Ryosei', 'Kyosuke', 'Seisuke', 'Hiroshi', 'Kouji Sakai', 'Miki', 'Rodrigo', 'Yuujirou']","['Furuki', 'Kanou', 'Kanou', 'Ichikawa', 'Jefferson', 'Tsujiwaki', None, 'Kamiyama']","[None, None, None, None, None, None, None, None]"
18,Initial D FOURTH STAGE,Initial D 4th Stage,24,27,"['Action', 'Drama', 'Sports']","[10, 50, 90, 250, 109, 82, 1045, 88, 155]","['Cars', 'Seinen', 'CGI', 'Rural', 'Primarily Adult Cast', 'Male Protagonist', 'Heterosexual', 'Primarily Male Cast', 'Rape']","['Keisuke', 'Daiki', 'Natsuki', 'Takumi', 'Seiji', 'Tomoyuki', 'Kouichirou', 'Kenji', 'Kazumi', 'Kyoko', 'Ryousuke', 'Toushiya', 'Tooru', 'Kenta', 'Shuichi', 'Yuuichi', 'Kyouichi', '', 'Wataru', 'Bunta', 'Itsuki', '', 'Kouzou', 'Hiroshi', 'Nobuhiko']","['Takahashi', 'Ninomiya', 'Mogi', 'Fujiwara', 'Iwaki', 'Tachi', 'Iketani', None, 'Akiyama', 'Iwase', 'Takahashi', 'Joushima', 'Suetsugu', 'Nakamura', 'Matsumoto', 'Tachibana', 'Sudou', 'Sakamoto', 'Akiyama', 'Fujiwara', 'Takeuchi', 'Sakai', 'Hoshino', 'Fumihiro', 'Akiyama']","['Male', None, 'Female', 'Male', None, None, None, None, None, None, 'Male', 'Male', 'Male', None, None, None, 'Male', None, None, None, 'Male', None, 'Male', 'Male', None]"
19,MONSTER,Monster,74,24,"['Drama', 'Horror', 'Mystery', 'Psychological', 'Thriller']","[648, 50, 694, 105, 391, 226, 252, 109, 327, 456, 365, 85, 494, 1052, 40, 198, 240, 82, 536, 659, 103, 153, 25, 1046, 157, 1310, 1382, 98, 1121, 186, 193, 94, 100, 155]","['Crime', 'Seinen', 'Detective', 'Ensemble Cast', 'Philosophy', 'Fugitive', 'Revenge', 'Primarily Adult Cast', 'Noir', 'Conspiracy', 'Memory Manipulation', 'Tragedy', 'Twins', 'Adoption', 'Police', 'Foreign', 'Amnesia', 'Male Protagonist', 'Dissociative Identities', 'Medicine', 'Politics', 'Time Skip', 'Historical', 'Suicide', 'Guns', 'Travel', 'Orphan', 'Female Protagonist', 'Torture', 'Crossdressing', 'Episodic', 'Gore', 'Nudity', 'Rape']","['Karl', 'Dieter', 'Christof', 'Blue Sophie', 'Rudy-Ulrich', 'Anna', 'Gustav', 'Lotte', 'Helenka', 'Peter', 'Jaromír', 'Milan Kolacsh', 'Kenzou', 'Gunther', 'Akanbou', 'Wolfgang', 'Eva', 'Roberto', 'Johan', 'Fritz', 'Franz', 'Heinrich', 'Jan', 'Martin', 'Richard']","['Neumann', None, 'Sievernich', None, 'Gillen', 'Liebert', 'Milch', 'Frank', 'Novakova', 'Jürgens', 'Lipský', '', 'Tenma', 'Milch', None, 'Grimmer', 'Heinemann', '', 'Liebert', 'Vardemann', 'Bonaparta', 'Lunge', 'Suk', 'Reest', 'Braun']","[None, 'Male', None, 'Female', 'Male', 'Female', 'Male', 'Female', None, None, 'Male', None, 'Male', 'Male', 'Male', 'Male', 'Female', 'Male', 'Male', None, 'Male', 'Male', 'Male', 'Male', 'Male']"
20,NARUTO,Naruto,220,23,"['Action', 'Adventure', 'Comedy', 'Drama', 'Fantasy', 'Supernatural']","[255, 56, 102, 82, 66, 1277, 326, 30, 252, 490, 1045, 446, 85, 772, 1382, 171, 276, 105, 1456, 1310, 15, 77, 83, 46, 322, 100, 139]","['Ninja', 'Shounen', 'Coming of Age', 'Male Protagonist', 'Super Power', 'Found Family', 'Cultivation', 'Martial Arts', 'Revenge', 'Anachronism', 'Heterosexual', 'Primarily Child Cast', 'Tragedy', 'Shapeshifting', 'Orphan', 'Bullying', 'Kaiju', 'Ensemble Cast', 'Femboy', 'Travel', 'Demons', 'Gender Bending', 'Slapstick', 'School', 'Assassins', 'Nudity', 'Love Triangle']","['Sagi', 'Minato', 'Kimimaro', 'Genzou', 'Genma', 'Shigure', 'Shibire', 'Orochimaru', 'Sazanami', 'Kuromaru', 'Zabuza', 'Akamaru', 'Guruko', 'Naruto', 'Sasuke', 'Gaara', 'Hiruzen', 'Shibi', 'Ebisu', 'Itachi', 'Rasa', 'Kakashi', 'Mizuki', 'Seimei', 'Tenten']","[None, 'Namikaze', 'Kaguya', None, 'Shiranui', None, None, None, None, None, 'Momochi', None, None, 'Uzumaki', 'Uchiha', None, 'Sarutobi', 'Aburame', None, 'Uchiha', None, 'Hatake', 'Touji', None, None]","[None, 'Male', 'Male', None, 'Male', 'Male', None, 'Non-binary', None, None, 'Male', 'Male', None, 'Male', 'Male', 'Male', 'Male', None, None, 'Male', None, 'Male', 'Male', None, 'Female']"
21,ONE PIECE,ONE PIECE,,24,"['Action', 'Adventure', 'Comedy', 'Drama', 'Fantasy']","[201, 56, 105, 1310, 66, 85, 1277, 83, 82, 456, 305, 153, 247, 226, 103, 111, 648, 253, 217, 142, 466, 43, 1090, 1427, 99, 659, 291, 1455, 772, 801, 175, 517, 433, 109, 1433, 93, 157, 104, 102, 1453, 499, 490, 224, 259, 310, 322, 489, 1342, 77, 122, 779, 622, 255, 1052, 1068, 558, 101, 90, 96, 265, 154, 483, 152, 252, 710, 548]","['Pirates', 'Shounen', 'Ensemble Cast', 'Travel', 'Super Power', 'Tragedy', 'Found Family', 'Slapstick', 'Male Protagonist', 'Conspiracy', 'Ships', 'Time Skip', 'Slavery', 'Fugitive', 'Politics', 'War', 'Crime', 'Gods', 'Dystopian', 'Food', 'Lost Civilization', 'Swordplay', 'Monster Boy', 'Prison', 'Henshin', 'Medicine', 'Samurai', 'Fairy', 'Shapeshifting', 'Cyborg', 'Robots', 'Artificial Intelligence', 'Animals', 'Primarily Adult Cast', 'Marriage', 'Post-Apocalyptic', 'Guns', 'Anti-Hero', 'Coming of Age', 'Desert', 'Skeleton', 'Anachronism', 'Dragons', 'Monster Girl', 'Espionage', 'Assassins', 'Drugs', 'Clone', 'Gender Bending', 'Trains', 'Kuudere', 'Asexual', 'Ninja', 'Adoption', 'Angels', 'Mermaid', 'Battle Royale', 'CGI', 'Time Manipulation', 'Musical', 'Body Swapping', 'LGBTQ+ Themes', 'Zombie', 'Revenge', 'Achromatic', 'Acting']","['Lucci', 'Tajio', 'Koala', 'Hatchan', 'Enel', 'Hancock', 'Sabo', 'Dragon', 'Calgara', 'Salcho', 'Daddy', 'Ace', 'Shiryuu', 'Kuzan', 'Nezumi', 'Reik', 'Whetton', 'Tiger', 'Klabautermann', 'Cindry', 'Sarquiss', 'Chimney', 'Sandersonia', 'Dr. Kobato', 'Usopp']","['Rob', None, None, None, None, 'Boa', None, '', None, 'Achino', 'Masterson', 'Portgas', None, None, None, None, None, 'Fisher', None, 'Victoria', None, None, 'Boa', None, None]","['Male', None, 'Female', 'Male', 'Male', 'Female', 'Male', 'Male', None, None, None, 'Male', 'Male', 'Male', None, None, None, 'Male', None, 'Female', 'Male', 'Female', None, None, 'Male']"
22,Tennis no Ouji-sama,The Prince of Tennis,178,22,"['Action', 'Comedy', 'Sports']","[194, 88, 82, 84, 56, 104, 46, 66, 446, 198, 171]","['Tennis', 'Primarily Male Cast', 'Male Protagonist', 'School Club', 'Shounen', 'Anti-Hero', 'School', 'Super Power', 'Primarily Child Cast', 'Foreign', 'Bullying']","['Shuusuke', 'Hajime', 'Takahisa', 'Gakuto', 'Kachirou', 'Bunta', 'Youhei', 'Jirou', 'Ryoma', 'Eiji', 'Ryou', 'Choutarou', 'Keigo', 'Kiyosumi', 'Sakuno', 'Akira', 'Takeshi', 'Yuushi', 'Ichiuma', 'Kunimitsu', 'Akaya', 'Tarou', 'Jackal', 'Kyousuke', 'Jin']","['Fuji', 'Mizuki', 'Kajimoto', 'Mukahi', 'Katou', 'Marui', 'Tanaka', 'Akutagawa', 'Echizen', 'Kikumaru', 'Kisarazu', 'Ohtori', 'Atobe', 'Sengoku', 'Ryuzaki', 'Kamio', 'Momoshiro', 'Oshitari', 'Kita', 'Tezuka', 'Kirihara', 'Sakaki', 'Kuwahara', 'Uchimura', 'Akutsu']","['Male', 'Male', None, 'Male', 'Male', 'Male', None, 'Male', 'Male', 'Male', 'Male', 'Male', 'Male', 'Male', 'Female', None, 'Male', 'Male', 'Male', None, 'Male', 'Male', 'Male', 'Male', 'Male']"
23,Ring ni Kakero 1,,12,25,"['Action', 'Sports']","[169, 66, 82, 326, 56, 395, 88]","['Boxing', 'Super Power', 'Male Protagonist', 'Cultivation', 'Shounen', 'Delinquents', 'Primarily Male Cast']","['Ryuuji', 'Jun', 'Ishimatsu', 'Takeshi', 'Führer Scorpion', 'Kiku', 'Black', 'Kazuki', 'Takako', 'Helga', 'Masami', 'Napoleon', ""Shinatora's Father"", 'Sachiko', 'Mickey', 'Futaba', 'Chiyo', 'Referee']","['Takane', 'Kenzaki', 'Katori', 'Kawai', None, 'Takane', 'Shaft', 'Shinatora', 'Kawai', None, 'Kurumada', 'Baroa', '', 'Kimura', None, 'Shinatora', 'Takane', None]","['Male', 'Male', 'Male', 'Male', None, 'Female', 'Male', 'Male', 'Female', 'Male', 'Male', 'Male', 'Male', 'Female', 'Male', 'Female', 'Female', 'Male']"
24,School Rumble,School Rumble,26,23,"['Comedy', 'Romance', 'Slice of Life']","[105, 139, 46, 395, 164, 1228, 1045, 39, 193, 779, 56, 812, 66]","['Ensemble Cast', 'Love Triangle', 'School', 'Delinquents', 'Tsundere', 'Primarily Teen Cast', 'Heterosexual', 'Parody', 'Episodic', 'Kuudere', 'Shounen', 'Butler', 'Super Power']","['Masakazu', 'Kouriyama', 'Eri', 'Pyotr', 'Lala', 'Yakumo', 'Junko', 'Genkai', 'Kouji', 'Kenji', 'Tenma', 'Tae', 'Itoko', 'Akira', 'Kazuya', 'Mikoto', 'Tsumugi', 'Jirou', 'Kentarou', 'Harry', 'Fuyuki', 'Oji', 'Megumi', 'Karen', 'Sarah']","['Tougou', None, 'Sawachika', None, 'Gonzalez', 'Tsukamoto', 'Tonami', 'Gotou', 'Yakushamaru', 'Harima', 'Tsukamoto', 'Anegasaki', 'Osakabe', 'Takano', 'Tanaka', 'Suou', 'Yuuki', 'Yoshidayama', 'Nara', 'McKenzie', 'Takeichi', 'Karasuma', 'Sagano', 'Ichijou', 'Adiemus']","[None, None, 'Female', None, 'Female', 'Female', 'Female', 'Male', 'Male', 'Male', 'Female', 'Female', 'Female', 'Female', None, 'Female', 'Female', 'Male', 'Male', 'Male', None, 'Male', 'Female', 'Female', 'Female']"
25,Sunabouzu,Desert Punk,24,24,"['Action', 'Adventure', 'Comedy', 'Ecchi', 'Sci-Fi']","[93, 83, 104, 157, 143, 1453, 517, 285, 56, 106, 111, 34, 247, 466]","['Post-Apocalyptic', 'Slapstick', 'Anti-Hero', 'Guns', 'Survival', 'Desert', 'Artificial Intelligence', 'Terrorism', 'Shounen', 'Gangs', 'War', 'Military', 'Slavery', 'Lost Civilization']","['Taiko', 'Amagumo', 'Makoto', 'Tamehiko', 'Kanta', 'Natsuko', 'Mariko', 'Mitsuru', 'Haruo', 'Akio', 'Mugenya', 'Junko', 'Stryker', 'Kaoru', 'Fuyuo', 'Narrator']","['Koizumi', None, 'Kawazu', 'Kawano', 'Mizuno', 'Kawaguchi', None, 'Koidemizu', 'Kawaguchi', 'Kawaguchi', None, 'Asagiri', None, 'Kaizuka', 'Kawaguchi', None]","[None, None, None, None, None, None, None, None, None, None, None, None, None, None, None, None]"
26,TEXHNOLYZE,Texhnolyze,22,23,"['Action', 'Drama', 'Psychological', 'Sci-Fi']","[217, 108, 391, 85, 109, 143, 595, 327, 107, 93, 654, 106, 82, 88, 1219, 648, 801, 285, 157, 94, 652, 466, 98, 111, 1046, 586, 456, 147, 1045, 155, 489, 169]","['Dystopian', 'Cyberpunk', 'Philosophy', 'Tragedy', 'Primarily Adult Cast', 'Survival', 'Urban', 'Noir', 'Mafia', 'Post-Apocalyptic', 'Denpa', 'Gangs', 'Male Protagonist', 'Primarily Male Cast', 'Disability', 'Crime', 'Cyborg', 'Terrorism', 'Guns', 'Gore', 'Amputation', 'Lost Civilization', 'Female Protagonist', 'War', 'Suicide', 'Cult', 'Conspiracy', 'Afterlife', 'Heterosexual', 'Rape', 'Drugs', 'Boxing']","['Motoharu', 'Ran', 'Shinji', 'Toyama', 'Kohakura', 'Keigo', 'Eriko', 'Yoko', 'Yoshii', 'Ichise', 'Haru', 'Zushi', 'Kano', 'Tatsuya', 'Michiko']","['Kimata', None, None, 'Haruhiko', None, 'Oonishi', 'Kaneda', 'Ryoko', 'Kazuho', None, None, None, None, 'Sakimura', 'Hirota']","[None, 'Female', None, None, None, None, None, None, None, 'Male', None, None, 'Male', None, 'Female']"
27,Trinity Blood,Trinity Blood,24,24,"['Action', 'Drama', 'Horror', 'Sci-Fi', 'Supernatural']","[74, 82, 94, 157, 614, 490, 517, 175, 198, 53, 1091]","['Vampire', 'Male Protagonist', 'Gore', 'Guns', 'Nun', 'Anachronism', 'Artificial Intelligence', 'Robots', 'Foreign', 'Shoujo', 'Religion']","['Dietrich', 'Peter', 'Radu', 'Wendy', 'Angelica', 'William Walter', 'Esther', 'Caterina', 'Virgil', 'Agnes', 'Ion', 'Isaak Fernand', 'Elise', 'Seth', 'Noélle', 'Cain', 'Hercules Tres', 'Vanessa', 'Astharoshe', 'Abel', 'Kate', 'Enderle', 'Alessandro XVIII', 'Francesco', 'Hugue']","['von Lohengrin', None, 'Barvon', None, None, 'Wordsworth', 'Blanchett', 'Sforza', 'Walsh', 'de Watteau', 'Fortuna', 'von Kämpfer', 'Wasmeyer', 'Nightroad', 'Bor', 'Nightroad', 'Iqus', 'Walsh', 'Aslan', 'Nightroad', 'Scott', 'Koutza', None, 'di Medici', 'de Watteau']","[None, None, None, None, None, None, None, None, None, None, None, None, None, None, None, None, None, None, None, None, None, None, None, None, None]"
28,Yakitate!! Japan,,69,24,['Comedy'],"[142, 144, 281, 39, 56, 82, 105, 96, 244, 140, 29]","['Food', 'Meta', 'Surreal Comedy', 'Parody', 'Shounen', 'Male Protagonist', 'Ensemble Cast', 'Time Manipulation', 'Isekai', 'Educational', 'Magic']","['Pierrot', 'Monica', 'Megumi', 'Takumi', 'Katsuo', 'Yuuko', 'Sophie', 'Go', 'Narumi', 'Sylvan', 'Miki', 'Shigeru', 'Ryou', 'Inaho', 'Ken', 'Leonhart XIV', 'Haijima', 'Masanobu', 'Brad', 'Yuuichi', 'Spencer', 'Kyousuke', 'Kazuma', 'Kaede', 'Tsukino']","['Bolneze', 'Adenauer', 'Kimura', 'Tsubozuka', 'Umino', 'Motohashi', 'Balzac Kirisaki', 'Chimatsuri', 'Shizuto', 'Kirisaki', 'Norihei', 'Kanmuri', 'Kuroyanagi', 'Azuma', 'Matsushiro', None, None, 'Tsutsumi', 'Kidd', 'Kirisaki', 'Henry', 'Kawachi', 'Azuma', 'Matsushiro', 'Azusagawa']","[None, None, None, None, None, None, None, None, None, None, None, 'Male', 'Male', None, 'Male', None, None, None, None, None, None, None, 'Male', None, 'Female']"
29,Zipang,,26,24,"['Action', 'Sci-Fi']","[305, 34, 50, 109, 111, 25, 88, 96, 85, 1310]","['Ships', 'Military', 'Seinen', 'Primarily Adult Cast', 'War', 'Historical', 'Primarily Male Cast', 'Time Manipulation', 'Tragedy', 'Travel']","['Kouhei', 'Takumi', 'Yosuke', 'Masayuki', 'Saburou']","['Oguri', 'Kusaka', 'Kadomatsu', 'Kikuchi', 'Umezu']","[None, None, None, None, 'Male']"
30,Shin Seiki Evangelion,Neon Genesis Evangelion,26,24,"['Action', 'Drama', 'Mecha', 'Mystery', 'Psychological', 'Sci-Fi']","[391, 85, 102, 217, 654, 1068, 159, 93, 1046, 1228, 639, 456, 191, 276, 82, 208, 104, 1342, 160, 34, 294, 1091, 164, 779, 103, 122, 75, 94, 513, 310, 100, 193]","['Philosophy', 'Tragedy', 'Coming of Age', 'Dystopian', 'Denpa', 'Angels', 'Super Robot', 'Post-Apocalyptic', 'Suicide', 'Primarily Teen Cast', 'Body Horror', 'Conspiracy', 'Aliens', 'Kaiju', 'Male Protagonist', 'Mythology', 'Anti-Hero', 'Clone', 'Real Robot', 'Military', 'Bisexual', 'Religion', 'Tsundere', 'Kuudere', 'Politics', 'Trains', ""Boys' Love"", 'Gore', 'Tokusatsu', 'Espionage', 'Nudity', 'Episodic']","['Touji', 'Misato', 'Ryouji', 'Yui', 'Pen Pen', 'Rei', 'Kaworu', 'Shigeru', 'Ritsuko', 'Asuka Langley', 'Shinji', 'Naoko', 'Maya', 'Gendou', 'Hikari', 'Makoto', 'Kohzou', 'Shiro', 'Kensuke', 'Kyouko Zeppelin', 'Keel', 'Narrator']","['Suzuhara', 'Katsuragi', 'Kaji', 'Ikari', None, 'Ayanami', 'Nagisa', 'Aoba', 'Akagi', 'Souryuu', 'Ikari', 'Akagi', 'Ibuki', 'Ikari', 'Horaki', 'Hyuuga', 'Fuyutsuki', 'Tokita', 'Aida', 'Souryuu', 'Lorentz', None]","['Male', 'Female', 'Male', 'Female', 'Male', 'Female', 'Male', 'Male', 'Female', 'Female', 'Male', 'Female', 'Female', 'Male', 'Female', 'Male', 'Male', 'Male', 'Male', 'Female', None, None]"
31,Shin Seiki Evangelion Movie: Shi to Shinsei,Neon Genesis Evangelion: Death & Rebirth,1,104,"['Drama', 'Mecha', 'Psychological', 'Sci-Fi']","[85, 156, 1228, 159, 217, 34, 82, 102, 391, 93, 654, 276, 456, 326, 103, 94, 160, 164, 100, 779]","['Tragedy', 'Achronological Order', 'Primarily Teen Cast', 'Super Robot', 'Dystopian', 'Military', 'Male Protagonist', 'Coming of Age', 'Philosophy', 'Post-Apocalyptic', 'Denpa', 'Kaiju', 'Conspiracy', 'Cultivation', 'Politics', 'Gore', 'Real Robot', 'Tsundere', 'Nudity', 'Kuudere']","['Touji', 'Misato', 'Ryouji', 'Yui', 'Rei', 'Kaworu', 'Ritsuko', 'Asuka Langley', 'Shinji', 'Naoko', 'Shigeru', 'Maya', 'Gendou', 'Hikari', 'Makoto', 'Kohzou', 'Kensuke', 'Kyouko Zeppelin', 'Keel', 'Pen Pen']","['Suzuhara', 'Katsuragi', 'Kaji', 'Ikari', 'Ayanami', 'Nagisa', 'Akagi', 'Souryuu', 'Ikari', 'Akagi', 'Aoba', 'Ibuki', 'Ikari', 'Horaki', 'Hyuuga', 'Fuyutsuki', 'Aida', 'Souryuu', 'Lorentz', None]","['Male', 'Female', 'Male', 'Female', 'Female', 'Male', 'Female', 'Female', 'Male', 'Female', 'Male', 'Female', 'Male', 'Female', 'Male', 'Male', 'Male', 'Female', None, 'Male']"
32,"Shin Seiki Evangelion Movie: Air / Magokoro wo, Kimi ni",Neon Genesis Evangelion: The End of Evangelion,1,87,"['Action', 'Drama', 'Mecha', 'Psychological', 'Sci-Fi']","[391, 85, 217, 102, 93, 654, 144, 253, 639, 456, 82, 159, 94, 147, 208, 98, 175, 276, 1091, 100, 131, 1228, 164, 103, 1342, 63]","['Philosophy', 'Tragedy', 'Dystopian', 'Coming of Age', 'Post-Apocalyptic', 'Denpa', 'Meta', 'Gods', 'Body Horror', 'Conspiracy', 'Male Protagonist', 'Super Robot', 'Gore', 'Afterlife', 'Mythology', 'Female Protagonist', 'Robots', 'Kaiju', 'Religion', 'Nudity', 'Masturbation', 'Primarily Teen Cast', 'Tsundere', 'Politics', 'Clone', 'Space']","['Misato', 'Ryouji', 'Yui', 'Rei', 'Kaworu', 'Ritsuko', 'Asuka Langley', 'Shinji', 'Shigeru', 'Maya', 'Gendou', 'Makoto', 'Kohzou', 'Kyouko Zeppelin', 'Keel', 'Pen Pen']","['Katsuragi', 'Kaji', 'Ikari', 'Ayanami', 'Nagisa', 'Akagi', 'Souryuu', 'Ikari', 'Aoba', 'Ibuki', 'Ikari', 'Hyuuga', 'Fuyutsuki', 'Souryuu', 'Lorentz', None]","['Female', 'Male', 'Female', 'Female', 'Male', 'Female', 'Female', 'Male', 'Male', 'Female', 'Male', 'Male', 'Male', 'Female', None, 'Male']"
33,Kenpuu Denki Berserk,Berserk,25,25,"['Action', 'Adventure', 'Drama', 'Fantasy', 'Horror', 'Supernatural']","[85, 50, 43, 111, 636, 82, 94, 104, 34, 391, 1277, 109, 15, 252, 103, 1045, 155, 139, 102, 88, 931, 100, 251, 1310, 226, 335, 499]","['Tragedy', 'Seinen', 'Swordplay', 'War', 'Cosmic Horror', 'Male Protagonist', 'Gore', 'Anti-Hero', 'Military', 'Philosophy', 'Found Family', 'Primarily Adult Cast', 'Demons', 'Revenge', 'Politics', 'Heterosexual', 'Rape', 'Love Triangle', 'Coming of Age', 'Primarily Male Cast', 'Tomboy', 'Nudity', 'Archery', 'Travel', 'Fugitive', 'Tanned Skin', 'Skeleton']","['Griffith', 'Judeau', 'Gambino', 'Guts', 'Slan', 'Erica', 'Zodd', 'Rickert', 'General Boscogne', 'Bazuso', 'Charlotte Beatrix Marie', 'Corkus', 'Void', 'Pippin', 'Casca', 'Godot', 'Adon', 'Ubik', 'King of Midland', 'Conrad', 'Gaston', 'Foss', 'Queen of Midland', 'Julius', 'Lord Gennon']","[None, None, None, None, None, None, '', None, None, None, 'Rhody Windam', '', None, None, None, None, 'Coborlwitz', None, None, None, None, None, None, None, None]","['Male', 'Male', 'Male', 'Male', 'Female', 'Female', 'Male', 'Male', 'Male', None, None, 'Male', None, 'Male', 'Female', 'Male', 'Male', None, 'Male', None, 'Male', 'Male', 'Female', 'Male', 'Male']"
43,GHOST IN THE SHELL: Koukaku Kidoutai,Ghost in the Shell,1,83,"['Action', 'Psychological', 'Sci-Fi']","[108, 517, 391, 595, 40, 175, 801, 50, 98, 109, 327, 217, 157, 648, 310, 100, 94, 90]","['Cyberpunk', 'Artificial Intelligence', 'Philosophy', 'Urban', 'Police', 'Robots', 'Cyborg', 'Seinen', 'Female Protagonist', 'Primarily Adult Cast', 'Noir', 'Dystopian', 'Guns', 'Crime', 'Espionage', 'Nudity', 'Gore', 'CGI']","['Togusa', 'Batou', 'Daisuke', 'Nakamura', 'Motoko', 'Ishikawa', 'Project 2501']","[None, None, 'Aramaki', None, 'Kusanagi', None, None]","[None, None, None, None, 'Female', None, None]"
44,Rurouni Kenshin: Meiji Kenkaku Romantan - Tsuioku-hen,Samurai X: Trust and Betrayal,4,30,"['Action', 'Drama', 'Romance']","[291, 252, 85, 25, 391, 82, 43, 1045, 94, 109, 56]","['Samurai', 'Revenge', 'Tragedy', 'Historical', 'Philosophy', 'Male Protagonist', 'Swordplay', 'Heterosexual', 'Gore', 'Primarily Adult Cast', 'Shounen']","['Kogoro', 'Kenshin', 'Toshizo', 'Shinsaku', 'Enishi', 'Tomoe', 'Hajime', 'Seijuro', 'Souji', 'Isami', 'Tatsumi', 'Iizuka']","['Katsura', 'Himura', 'Hijikata', 'Takasugi', 'Yukishiro', 'Yukishiro', 'Saitou', 'Hiko', 'Okita', 'Kondo', None, None]","[None, 'Male', None, None, None, None, 'Male', None, 'Male', None, None, 'Male']"
45,Rurouni Kenshin: Meiji Kenkaku Romantan,Rurouni Kenshin,94,25,"['Action', 'Adventure', 'Comedy', 'Drama', 'Romance']","[43, 30, 291, 25, 1045, 56, 82, 326, 164, 103, 1310]","['Swordplay', 'Martial Arts', 'Samurai', 'Historical', 'Heterosexual', 'Shounen', 'Male Protagonist', 'Cultivation', 'Tsundere', 'Politics', 'Travel']","['Makoto', 'Touma', 'Kamatari', 'Shougo', 'Yumi', 'Yahiko', 'Sanosuke', 'Tsubaki', 'Yutarou', 'Tae', 'Tsubame', 'Kenshin', 'Arundo', 'Jinei', 'Megumi', 'Gasuke', 'Kanryuu', 'Jinpu', 'Shirojo', 'Iwanbou', 'Soujirou', 'Hajime', 'Daigoro', 'Shura', 'Souzou']","['Shishio', 'Sakaki', 'Honjo', 'Amakusa', 'Komagata', 'Myojin', 'Sagara', None, 'Tsukayama', 'Sekihara', 'Sanjou', 'Himura', 'Akamatsu', 'Udoh', 'Takani', None, 'Takeda', None, None, None, 'Seta', 'Saitou', 'Okuma', None, 'Sagara']","['Male', None, 'Male', None, None, None, None, None, 'Male', 'Female', 'Female', 'Male', 'Male', None, 'Female', 'Male', 'Male', None, None, None, None, 'Male', None, None, 'Male']"
46,Rurouni Kenshin: Meiji Kenkaku Romantan - Ishinshishi e no Requiem,Samurai X: The Motion Picture,1,91,"['Action', 'Drama']","[43, 25, 291, 56, 82, 30, 252]","['Swordplay', 'Historical', 'Samurai', 'Shounen', 'Male Protagonist', 'Martial Arts', 'Revenge']","['Shigure', 'Sanosuke', 'Kenshin', 'Gentatsu', 'Toki', 'Hajime', 'Yahiko', 'Kaoru', 'Suzume', 'Aritomo', 'Toshiyoshi', 'Ayame', 'Sadashirou', 'Toki']","['Takimi', 'Sagara', 'Himura', 'Takatsuki', 'Takatsuki', 'Saitou', 'Myojin', 'Kamiya', 'Gensai', 'Yamagata', 'Kawaji', 'Gensai', 'Kajiki', 'Takatsuki']","[None, None, 'Male', 'Male', None, 'Male', None, 'Female', None, 'Male', 'Male', None, None, None]"
47,AKIRA,Akira,1,125,"['Action', 'Adventure', 'Horror', 'Psychological', 'Sci-Fi', 'Supernatural']","[108, 93, 217, 66, 82, 85, 595, 639, 173, 50, 104, 106, 94, 34, 395, 391, 456, 88, 648, 321, 103, 100, 208, 191]","['Cyberpunk', 'Post-Apocalyptic', 'Dystopian', 'Super Power', 'Male Protagonist', 'Tragedy', 'Urban', 'Body Horror', 'Motorcycles', 'Seinen', 'Anti-Hero', 'Gangs', 'Gore', 'Military', 'Delinquents', 'Philosophy', 'Conspiracy', 'Primarily Male Cast', 'Crime', 'Urban Fantasy', 'Politics', 'Nudity', 'Mythology', 'Aliens']","['Shoutarou', 'Kei', 'Kaori', 'Kai', 'Tetsuo', 'Colonel', 'Yamagata', 'Kiyoko', 'Takashi', 'Masaru', 'Nezu', ' Miyako', 'Ryuusaku', 'Akira', 'Resistance Member']","['Kaneda', None, None, None, 'Shima', 'Shikishima', None, None, None, None, None, '', '', None, None]","['Male', 'Female', None, 'Male', 'Male', 'Male', 'Male', None, None, None, 'Male', None, None, None, None]"
48,.hack//SIGN,.hack//Sign,26,24,"['Adventure', 'Fantasy', 'Mystery', 'Sci-Fi']","[112, 308, 104, 244, 29, 240, 77, 536, 335, 98, 66, 105, 483, 85, 90]","['Virtual World', 'Video Games', 'Anti-Hero', 'Isekai', 'Magic', 'Amnesia', 'Gender Bending', 'Dissociative Identities', 'Tanned Skin', 'Female Protagonist', 'Super Power', 'Ensemble Cast', 'LGBTQ+ Themes', 'Tragedy', 'CGI']","['Balmung', 'Crim', 'Morganna Mode Gone', 'BT', 'Subaru', 'Aura', 'Bear', 'Mimiru', 'Tsukasa', 'Helba', 'Harald', 'Sora', 'Kaochin', 'Silver Knight', 'Macha', 'A-20']","[None, None, None, None, None, None, None, None, None, None, 'Hoerwick', None, None, None, None, None]","[None, None, None, None, None, None, None, None, None, None, None, None, None, None, None, None]"
49,Aa! Megami-sama!,Oh! My Goddess,5,30,"['Comedy', 'Drama', 'Romance', 'Supernatural']","[253, 1045, 321, 86, 29, 404, 50, 82, 779, 173]","['Gods', 'Heterosexual', 'Urban Fantasy', 'Primarily Female Cast', 'Magic', 'College', 'Seinen', 'Male Protagonist', 'Kuudere', 'Motorcycles']","['Skuld', 'Sora', 'Toshiyuki', 'Belldandy', 'Keiichi', 'Urd', 'Otaki', 'Megumi', 'Toraichi', 'Sayoko']","[None, 'Hasegawa', 'Aoshima', None, 'Morisato', None, 'Aoyama', 'Morisato', 'Tamiya', 'Mishima']","['Female', None, None, 'Female', None, 'Female', None, None, None, None]"
50,Aa! Megami-sama! (TV),Oh! My Goddess (TV),24,24,"['Comedy', 'Romance', 'Supernatural']","[29, 86, 82, 253, 50, 109, 321, 23, 404, 779, 15, 1045]","['Magic', 'Primarily Female Cast', 'Male Protagonist', 'Gods', 'Seinen', 'Primarily Adult Cast', 'Urban Fantasy', 'Female Harem', 'College', 'Kuudere', 'Demons', 'Heterosexual']","['Sayoko', 'Skuld', 'Senbei', 'Lind', 'Sora', 'Toshiyuki', 'Belldandy', 'Urd', 'Keiichi', 'Otaki', 'Megumi', 'Ex', 'Toraichi', 'Koshian', 'Chrono', 'Marller', 'Ere']","['Mishima', None, None, None, 'Hasegawa', 'Aoshima', None, None, 'Morisato', 'Aoyama', 'Morisato', None, 'Tamiya', None, None, None, None]","[None, 'Female', None, None, None, None, 'Female', 'Female', None, None, None, None, None, None, None, None, None]"
51,Tenshi Kinryouku,Angel Sanctuary,3,30,"['Action', 'Drama', 'Ecchi', 'Romance', 'Supernatural']","[53, 1068, 128, 15, 243]","['Shoujo', 'Angels', 'Incest', 'Demons', 'Reincarnation']","['Sara', 'Rosiel', 'Katan', 'Yue', 'Setsuna', 'Sakuya', 'Alexiel', 'Adam', 'Metatron', 'Arachne', 'Sevothtarte', 'Kurai', 'Belial', 'Ruri']","['Mudo', None, None, 'Katou', 'Mudo', 'Kira', None, 'Kadmon', None, None, None, None, None, 'Saiki']","[None, None, None, None, None, None, None, None, None, None, None, None, None, None]"
52,Kidou Tenshi Angelic Layer,Angelic Layer,26,24,"['Comedy', 'Drama', 'Sci-Fi', 'Sports']","[175, 98, 56, 1219, 86, 446]","['Robots', 'Female Protagonist', 'Shounen', 'Disability', 'Primarily Female Cast', 'Primarily Child Cast']","['Masaharu', 'Tamayo', 'Shoko', 'Kaede', 'Hiromi', 'Ohjiro', 'Announcer', 'Sai', 'Ryou', 'Madoka', 'Kotarou', 'Ringo', 'Maria', 'Ichirou', 'Shuko', 'Misaki', 'Hatoko', 'Tomoko', 'Arisu', 'Yuko', 'Suzuka', 'Hikaru']","['Ogata', 'Kizuki', 'Asami', 'Saito', 'Fujimori', 'Mihara', None, 'Jounouchi', 'Misaki', 'Fujisaki', 'Kobayashi', 'Seto', 'Shibata', 'Mihara', 'Suzuhara', 'Suzuhara', 'Kobayashi', 'Yamada', 'Fujisaki', 'Inada', None, None]","['Male', 'Female', 'Female', 'Female', None, 'Male', None, 'Female', None, 'Female', 'Male', 'Female', None, 'Male', 'Female', 'Female', 'Female', None, 'Female', None, None, None]"
53,Ai Yori Aoshi,Ai Yori Aoshi,24,23,"['Comedy', 'Drama', 'Romance', 'Slice of Life']","[23, 50, 82, 1045, 109, 46, 100, 139, 153, 404]","['Female Harem', 'Seinen', 'Male Protagonist', 'Heterosexual', 'Primarily Adult Cast', 'School', 'Nudity', 'Love Triangle', 'Time Skip', 'College']","['Tina', 'Aoi', 'Kaoru', 'Miyabi', 'Suzuki', 'Taeko', 'Chika', 'Mayu', 'Tanaka']","['Foster', 'Sakuraba', 'Hanabishi', 'Kagurazaki', None, 'Minazuki', 'Minazuki', 'Miyuki', None]","[None, 'Female', None, None, None, None, None, None, None]"
54,Appleseed (Movie),,1,105,"['Action', 'Drama', 'Mecha', 'Sci-Fi']","[89, 34, 517, 98, 931, 109, 93, 157, 595, 56, 108, 175, 111, 217, 94, 85, 285]","['Full CGI', 'Military', 'Artificial Intelligence', 'Female Protagonist', 'Tomboy', 'Primarily Adult Cast', 'Post-Apocalyptic', 'Guns', 'Urban', 'Shounen', 'Cyberpunk', 'Robots', 'War', 'Dystopian', 'Gore', 'Tragedy', 'Terrorism']","['Yoshitsune', 'General Edward', 'Hitomi', 'Hades', 'Deunan', 'Nike', 'Briareos', 'Athena', 'Gilliam', 'Lance', 'Kudoh', 'Electryon', 'Cadmus']","[None, 'Uranus III', None, None, 'Knute', None, 'Hecatonchires', 'Areios', 'Knute', None, None, None, None]","[None, None, 'Female', None, None, 'Female', None, 'Female', None, None, None, None, None]"
55,Arc the Lad,,26,22,"['Action', 'Adventure', 'Fantasy', 'Horror', 'Sci-Fi']","[252, 82, 29, 94, 34, 639, 100, 774, 456]","['Revenge', 'Male Protagonist', 'Magic', 'Gore', 'Military', 'Body Horror', 'Nudity', 'Chimera', 'Conspiracy']","['Lieza', 'Kukuru', 'Elk', 'Clive', 'Arc', 'Shu', 'Poco', 'Pandit']","['Flora Meruno', 'Lill Wight', 'Kowalapule', None, 'Eda Ricolne', None, None, None]","[None, 'Female', None, None, 'Male', 'Male', 'Male', None]"
56,Avenger,,13,24,"['Adventure', 'Fantasy', 'Sci-Fi']","[98, 252, 93, 175, 779]","['Female Protagonist', 'Revenge', 'Post-Apocalyptic', 'Robots', 'Kuudere']","['Teo', 'Garcia', 'Nei', 'Westa', 'Jupiter', 'Leila', 'Volk', 'Cecil', 'Speedy']","[None, None, None, None, None, 'Ashley', None, None, None]","[None, None, None, None, None, None, None, None, None]"
57,BECK,Beck: Mongolian Chop Squad,26,25,"['Comedy', 'Drama', 'Music', 'Slice of Life']","[110, 102, 595, 88, 171, 82, 46, 98, 356, 139, 149, 150]","['Band', 'Coming of Age', 'Urban', 'Primarily Male Cast', 'Bullying', 'Male Protagonist', 'School', 'Female Protagonist', 'Gyaru', 'Love Triangle', 'Baseball', 'Swimming']","['Yuji', 'Rikiya', 'Yoshiyuki', 'Yukio', 'Ran', 'Hiromi', 'Manabu', 'Tsunemi', 'Masaru', 'Eiji', 'Ryusuke', 'Maho', 'Tanabe', 'Izumi', 'Kenichi', 'Momoko', 'Kazuo', 'Eddie', 'Page', 'Yoshito', 'Beck', 'Matt', 'Kayo', 'Leon']","['Sakurai', 'Kitazawa', 'Taira', 'Tanaka', None, 'Masuoka', 'Miyazawa', 'Chiba', 'Hyodou', 'Kimura', 'Minami', 'Minami', None, 'Ishiguro', 'Saitou', 'Ogasawara', 'Satou', 'Lee', None, 'Morozumi', None, 'Reed', None, 'Sykes']","[None, None, None, None, None, 'Male', None, None, 'Male', 'Male', None, 'Female', None, None, None, 'Female', 'Female', None, None, None, None, None, None, None]"
58,BLUE GENDER,Blue Gender,26,23,"['Adventure', 'Drama', 'Horror', 'Mecha', 'Psychological', 'Romance', 'Sci-Fi']","[217, 779, 191, 931, 160, 93]","['Dystopian', 'Kuudere', 'Aliens', 'Tomboy', 'Real Robot', 'Post-Apocalyptic']","['Marlene', 'Yuji', 'Joey', 'Tony', 'Seno', 'Dice', 'Elena', 'Alicia']","['Angel', 'Kaido', 'Heald', 'Frost', 'Miyagi', 'Quaid', None, 'Whistle']","[None, None, None, None, None, None, None, None]"
59,Chobits,Chobits,26,24,"['Comedy', 'Drama', 'Ecchi', 'Romance', 'Sci-Fi']","[517, 391, 240, 175, 50, 365, 536, 100, 494, 83, 622, 138]","['Artificial Intelligence', 'Philosophy', 'Amnesia', 'Robots', 'Seinen', 'Memory Manipulation', 'Dissociative Identities', 'Nudity', 'Twins', 'Slapstick', 'Asexual', 'Age Gap']","['Hiromu', 'Hideki', 'Hiroyasu', 'Takako', 'Minoru', 'Chii', 'Atashi', 'Freya', 'Anata', 'Yoshiyuki', 'Kotoko', 'Yumi', 'Yuzuki', 'Chitose', 'Zima', 'Yumi', 'Dita', 'Sumomo']","['Shinbo', 'Motosuwa', 'Ueda', 'Shimizu', 'Kokubunji', None, None, None, None, 'Kojima', None, 'Oomura', None, 'Hibiya', None, None, None, None]","['Male', 'Male', 'Male', 'Female', 'Male', 'Female', None, 'Female', None, 'Male', 'Female', 'Female', 'Female', 'Female', 'Male', None, 'Female', 'Female']"
60,Chrno Crusade,Chrono Crusade,24,23,"['Action', 'Romance', 'Supernatural']","[15, 614, 85, 198, 25, 56, 98, 1091, 586, 1068]","['Demons', 'Nun', 'Tragedy', 'Foreign', 'Historical', 'Shounen', 'Female Protagonist', 'Religion', 'Cult', 'Angels']","['Chrno', 'Aion', 'Ewan', 'Joshua', 'Mary', 'Rosette', 'Duke', 'Sister Anna', 'Azmaria', 'Florette', 'Satella', 'Kate', 'Shader', 'Genai', 'Edward', 'Viscount Lerajie', 'Rizelle', 'Carv', 'Narrator']","[None, None, 'Remington', 'Christopher', 'Magdalene', 'Christopher', 'Duffau', None, 'Hendric', 'Harvenheit', 'Harvenheit', 'Valentine', None, None, 'Hamilton', None, None, None, None]","[None, None, 'Male', None, None, 'Female', None, None, 'Female', 'Female', 'Female', None, None, None, None, None, None, None, None]"
61,D.N.Angel,D.N.Angel,26,23,"['Action', 'Comedy', 'Fantasy', 'Romance']","[29, 82, 46, 648, 536, 494, 53, 198, 1045]","['Magic', 'Male Protagonist', 'School', 'Crime', 'Dissociative Identities', 'Twins', 'Shoujo', 'Foreign', 'Heterosexual']","['Freedert', 'Satoshi', 'Dark', 'Towa', 'Risa', 'Daichi', 'Ehrlich von', 'Daisuke', 'Kei', 'Krad', 'Daiki', 'Riku', 'Kosuke', 'Takeshi', 'Rika', 'Mio', 'Ayaka', 'Emiko', 'Second Hand of Time', 'Ispector', 'Menou', 'Misaki', 'Classmate', '', 'Bianca von']","[None, 'Hiwatari', 'Mousy', 'no Shirube', 'Harada', 'Niwa', 'Vandembagu', 'Niwa', 'Hiwatari', None, 'Niwa', 'Harada', 'Niwa', 'Saehara', None, 'Hio', 'Hatori', 'Niwa', None, 'Saehara', 'Kurashina', 'Nishizawa', None, 'Kaseta', 'Vandembagu']","[None, None, None, None, None, None, None, None, None, None, None, None, None, None, None, None, None, None, None, None, None, None, None, None, None]"
62,D.C.: Da Capo,D.C.~Da Capo~,26,24,"['Drama', 'Romance']","[23, 82, 86, 164, 46, 102, 240, 29, 113, 1045]","['Female Harem', 'Male Protagonist', 'Primarily Female Cast', 'Tsundere', 'School', 'Coming of Age', 'Amnesia', 'Magic', 'Nekomimi', 'Heterosexual']","['Sakura', 'Kotori', 'Mako', 'Nemu', 'Junichi', 'Miharu', 'Utamaru', 'Misaki', 'Suginami', 'Koyomi', 'Moe', 'Tomoya']","['Yoshino', 'Shirakawa', 'Mizukoshi', 'Asakura', 'Asakura', 'Amakase', None, 'Sagisawa', None, 'Shirakawa', 'Mizukoshi', 'Mizukoshi']","['Female', 'Female', 'Female', 'Female', 'Male', 'Female', None, 'Female', None, None, 'Female', None]"
63,DearS,,12,23,"['Comedy', 'Ecchi', 'Romance', 'Sci-Fi']","[247, 23, 191, 82, 56, 779]","['Slavery', 'Female Harem', 'Aliens', 'Male Protagonist', 'Shounen', 'Kuudere']","['Nia', 'Thanast Useim Ruki Miu', 'Mitsuka', 'Neneko', 'Hikorou', 'Ren Ren Ren Nagusaran Rensia Ruroonren Nakora', 'Hirofumi', 'Khi', 'Eiko', 'Xaki', 'Rubi', 'Takeya', 'China', 'B-Ko', 'Natsuki', 'Mr.', 'Mrs', 'Harumi', 'Uncle', 'Class President', 'Uchimura', 'No.2', 'No.3']","[None, 'Sia Nostal Ren Naguregyug', 'Yoshimine', 'Izumi', 'Oikawa', None, 'Nonaka', None, None, None, None, 'Ikuhara', None, None, 'Ikuhara', 'Oihiko', 'Oihiko', 'Ikuhara', None, None, None, None, None]","[None, None, None, None, None, None, None, None, None, None, None, None, None, None, None, None, None, None, None, None, None, None, None]"
64,Rozen Maiden,Rozen Maiden,12,24,"['Action', 'Comedy', 'Drama', 'Supernatural']","[101, 86, 29, 321, 50, 1277, 780, 595, 1304, 282, 311, 87, 779, 171, 82, 164, 66]","['Battle Royale', 'Primarily Female Cast', 'Magic', 'Urban Fantasy', 'Seinen', 'Found Family', 'Ojou-sama', 'Urban', 'Anthropomorphism', 'Hikikomori', 'Rehabilitation', 'Family Life', 'Kuudere', 'Bullying', 'Male Protagonist', 'Tsundere', 'Super Power']","['Suigintou', 'Souseiseki', 'Shinku', 'Jun', 'Suiseiseki', 'Hina Ichigo', 'Tomoe', 'Matsu', 'Motoharu', 'Nori', 'Detective Kun-Kun']","[None, None, None, 'Sakurada', None, None, 'Kashiwaba', 'Shibasaki', 'Shibasaki', 'Sakurada', None]","[None, None, None, None, 'Female', None, None, 'Female', 'Male', 'Female', None]"
65,Rozen Maiden: Träumend,Rozen Maiden: Dreaming,12,24,"['Action', 'Comedy', 'Drama']","[101, 29, 82, 87, 321, 50, 1277, 595, 1304, 86, 85, 282, 311, 780, 46, 164, 779, 66]","['Battle Royale', 'Magic', 'Male Protagonist', 'Family Life', 'Urban Fantasy', 'Seinen', 'Found Family', 'Urban', 'Anthropomorphism', 'Primarily Female Cast', 'Tragedy', 'Hikikomori', 'Rehabilitation', 'Ojou-sama', 'School', 'Tsundere', 'Kuudere', 'Super Power']","['Suigintou', 'Souseiseki', 'Shirosaki', 'Shinku', 'Jun', 'Suiseiseki', 'Hina Ichigo', 'Kanaria', 'Barasuishou', 'Enju', 'Megu', 'Tomoe', 'Matsu', 'Motoharu', 'Nori', 'Detective Kun-Kun', 'Laplace no Ma', 'Mitsu', 'Father']","[None, None, None, None, 'Sakurada', None, None, None, None, None, 'Kakizaki', 'Kashiwaba', 'Shibasaki', 'Shibasaki', 'Sakurada', None, None, 'Kusabue', 'Rozen']","[None, None, None, None, None, 'Female', None, None, None, None, None, None, 'Female', 'Male', 'Female', None, None, None, None]"
66,Azumanga Daiou THE ANIMATION,Azumanga Daioh,26,24,"['Comedy', 'Slice of Life']","[46, 86, 281, 83, 92, 105, 193, 102, 1228, 98, 165, 931, 779, 53]","['School', 'Primarily Female Cast', 'Surreal Comedy', 'Slapstick', 'Cute Girls Doing Cute Things', 'Ensemble Cast', 'Episodic', 'Coming of Age', 'Primarily Teen Cast', 'Female Protagonist', 'Teacher', 'Tomboy', 'Kuudere', 'Shoujo']","['Chiyochichi', 'Kimura', 'Tomo', 'Kagura', 'Koyomi', 'Yukari', 'Ayumu', 'Minamo', '', 'Kaori', 'Chihiro', 'Chiyo', 'Yuka', 'Masaaki', 'Miruchi', 'Kimura no Tsuma', 'Kamineko', 'Maya', 'Tadakichi-san', 'Nekokoneko']","[None, None, 'Takino', '', 'Mizuhara', 'Tanizaki', 'Kasuga', 'Kurosawa', 'Sakaki', None, None, 'Mihama', None, 'Ooyama', None, None, None, None, None, None]","[None, None, None, None, None, None, 'Female', None, 'Female', None, None, 'Female', None, None, None, 'Female', None, None, None, None]"
67,Basilisk: Kouga Ninpouchou,Basilisk,24,25,"['Action', 'Adventure', 'Drama', 'Romance']","[255, 50, 25, 109, 43, 85, 1045, 155, 94]","['Ninja', 'Seinen', 'Historical', 'Primarily Adult Cast', 'Swordplay', 'Tragedy', 'Heterosexual', 'Rape', 'Gore']","['Kyouhachirou', 'Oboro', 'Munenori', 'Gennosuke', 'Danjo', 'Koshirou', 'Ogen', 'Hotarubi', 'Tenzen', 'Nenki', 'Yashamaru', 'Rousai', 'Okoi', 'Hyouma', 'Kagerou', 'Gyoubu', 'Josuke', 'Jyubei', 'Akeginu', 'Jingoro', 'Takechiyo', 'Saemon', 'Shougen', 'Narrator']","['Hattori', 'Iga', 'Yagyu', 'Kouga', 'Kouga', 'Chikuma', 'Iga', None, 'Yakushiji', 'Mino', None, 'Azuki', None, 'Muroga', None, 'Kasumi', 'Udono', 'Jimushi', None, 'Amayo', None, 'Kisaragi', 'Kazamachi', None]","[None, 'Female', None, 'Male', None, 'Male', None, None, None, None, None, None, None, None, None, None, None, None, None, None, None, None, None, None]"
68,Black Cat,Black Cat,23,24,"['Adventure', 'Comedy', 'Sci-Fi']","[56, 66, 252, 322, 157, 109, 85, 82, 779]","['Shounen', 'Super Power', 'Revenge', 'Assassins', 'Guns', 'Primarily Adult Cast', 'Tragedy', 'Male Protagonist', 'Kuudere']","['Zagine', 'Creed', 'Train', 'Beluga', 'Lib', 'Leon', 'Silphy', 'Sven', 'Jenos', 'River', 'Echidna', 'Madame Freesia', 'Charden', 'Rinslet', 'Saya', 'Flitt', 'Kyouko', 'Ellie', 'Shiki', 'Sephiria', 'Adam', 'Ling', 'Belze', 'Baldorias', 'Tearju']","['Axeloake', 'Diskenth', 'Heartnet', 'Heard', 'Tyrant', 'Elliott', 'Deacroft', 'Vollfied', 'Hazard', 'Zastory', 'Parass', None, 'Flamberg', 'Walker', 'Minatsuki', 'Morris', 'Kirisaki', None, None, 'Arks', None, 'Xiaoli', 'Rochefort', 'Fanghini', 'Lunatique']","[None, 'Male', 'Male', None, None, None, None, 'Male', None, 'Male', None, 'Female', 'Male', 'Female', 'Female', None, 'Female', None, 'Male', 'Female', None, 'Male', None, None, 'Female']"
